id,login,company,created_at,type,fake,deleted,long,lat,country_code,state,city,location
-1,0xnoone,\N,4/18/16 11:42,USR,0,1,\N,\N,\N,\N,\N,\N
1,tosch,Sage GmbH,12/15/08 12:28,USR,0,0,0,0,\N,\N,\N,"Rastede, Germany"
2,jmettraux,\N,3/22/08 0:37,USR,0,0,132.4552927,34.3852029,jp,Hiroshima Prefecture,Hiroshima,Hiroshima
3,SMGNMSKD,\N,8/3/12 16:08,USR,1,1,\N,\N,\N,\N,\N,\N
4,kennethkalmer,#NAME?,4/28/08 17:25,USR,0,0,28.0473051,-26.2041028,za,City of Johannesburg Metropolitan Municipality,Johannesburg,"Johannesburg, South Africa"
5,weppos,DNSimple,4/6/08 8:44,USR,0,0,12.4963655,41.9027835,it,Rome,Rome,"Rome, Italy"
6,anb,KeyLemon,2/5/10 6:35,USR,0,0,0,0,\N,\N,\N,\N
7,hasimo,medley,9/30/08 0:05,USR,0,0,139.6917064,35.6894875,jp,Tokyo,Tokyo,Tokyo/Japan
8,mschiller,\N,3/26/10 4:57,USR,0,0,13.404954,52.5200066,de,Berlin,Berlin,Berlin
9,ben-biddington,\N,11/3/08 12:13,USR,0,0,174.776236,-41.2864603,nz,Wellington,Wellington,"Wellington, NZ"
10,mcollina,#NAME?,2/5/09 21:24,USR,0,0,0,0,\N,\N,\N,In the clouds above Italy
11,erwin,\N,5/30/08 12:25,USR,0,0,0,0,\N,\N,\N,\N
12,lbt,Merlin Design Ltd,5/24/09 15:29,USR,0,0,-3.435973,55.378051,gb,\N,\N,UK
13,nandosola,#NAME?,9/10/09 15:04,USR,0,0,-4.4213988,36.7212737,es,Málaga,Málaga,"Málaga, Spain"
14,nanounanue,Center for Data Science and Public Policy,11/24/10 5:43,USR,0,0,-87.6297982,41.8781136,us,Cook County,Chicago,"Chicago, IL"
15,efficientcloud,\N,3/11/11 9:22,ORG,0,0,-0.12721001,51.50642014,gb,England,London,"London, UK & Vienna, Austria"
16,jbutkowski,\N,6/27/11 6:22,USR,0,0,153.0234222,-27.46846008,au,QLD,Brisbane,"Brisbane, Australia"
17,miklophone,Hinterland,4/7/08 7:18,USR,0,1,0,0,\N,\N,\N,"London, UK"
18,developertown,\N,12/9/10 13:14,ORG,0,0,-86.158068,39.768403,us,Marion County,Indianapolis,"Indianapolis, IN"
19,rupakg,#NAME?,4/22/08 15:33,USR,0,0,-84.3879824,33.7489954,us,Fulton County,Atlanta,"Atlanta, Georgia, USA"
20,metasync,\N,6/17/09 10:12,USR,0,0,0,0,\N,\N,\N,\N
21,jrluis,\N,2/14/11 9:39,USR,0,0,0,0,\N,\N,\N,\N
22,eivan,\N,2/5/12 21:11,USR,0,0,19.12298012,47.51303101,hu,Budapest,Budapest,Budapest
23,matplotlib,\N,3/4/10 17:24,ORG,0,0,0,0,\N,\N,\N,\N
24,jswhit,\N,1/23/11 18:48,USR,0,0,0,0,\N,\N,\N,\N
25,EEFWTAOU,\N,8/3/12 16:08,USR,1,0,\N,\N,\N,\N,\N,\N
26,pigoz,\N,9/15/08 13:04,USR,0,0,0,0,\N,\N,\N,自宅
27,jimweirich,Neo,3/27/08 18:19,USR,0,0,-84.5120196,39.1031182,us,Hamilton County,Cincinnati,Cincinnati
28,funkaster,,1/26/09 14:01,USR,0,1,-122.4192704,37.7792768,us,California,SF,"San Francisco, CA"
29,moadib,\N,1/26/10 15:39,USR,0,0,0,0,\N,\N,\N,\N
30,minggo,Chukong Technology,11/19/10 8:06,USR,0,0,118.089425,24.479833,cn,Fujian,Xiamen,xiamen
31,cocos2d,\N,3/31/10 15:58,ORG,0,0,0,0,\N,\N,\N,\N
32,dumganhar,\N,11/23/10 12:02,USR,0,0,0,0,\N,\N,\N,\N
33,dualface,\N,3/11/09 8:05,USR,0,0,104.195397,35.86166,cn,\N,\N,China
34,MDCMLLAQ,\N,8/3/12 16:08,USR,1,1,\N,\N,\N,\N,\N,\N
35,dducharme,Ford,10/25/11 14:04,USR,0,0,0,0,\N,\N,\N,\N
36,edbartley,Flowerpot Games,3/29/12 22:17,USR,0,0,-78.78115845,35.78974915,us,NC,Cary,"Cary, NC"
37,Klaim,\N,10/20/09 16:24,USR,0,0,2.213749,46.227638,fr,\N,\N,France
38,tyrsha,\N,5/9/12 8:07,USR,0,0,0,0,\N,\N,\N,\N
39,ehooi,\N,1/5/12 8:17,USR,0,0,0,0,\N,\N,\N,\N
40,irwinb,\N,8/29/09 14:26,USR,0,0,-123.1207375,49.2827291,ca,Greater Vancouver,Vancouver,"Vancouver, BC"
41,graphly,\N,5/13/12 6:05,USR,0,1,0,0,\N,\N,\N,\N
42,pixonic,\N,7/14/11 15:10,ORG,0,0,37.61502075,55.75696945,ru,Moscow City,Moscow,"Russia, Moscow"
43,walzer,Chukong Technologies Inc.,7/27/10 3:56,USR,0,0,118.089425,24.479833,cn,Fujian,Xiamen,"Xiamen, China"
44,PMGGIBNU,\N,8/3/12 16:08,USR,1,1,\N,\N,\N,\N,\N,\N
45,folecr,\N,8/16/10 17:02,USR,0,0,0,0,\N,\N,\N,\N
46,Drakonite,\N,11/20/11 23:24,USR,0,0,0,0,\N,\N,\N,\N
47,l4u,\N,6/22/09 14:13,USR,0,0,114.109497,22.396428,hk,\N,Hong Kong,Hong Kong
48,vijaythakkar,\N,2/11/10 21:35,USR,0,0,0,0,\N,\N,\N,\N
49,corefan,\N,3/18/12 1:43,USR,0,0,0,0,\N,\N,\N,\N
50,czhixin,\N,7/16/11 11:05,USR,0,0,0,0,\N,\N,\N,\N
51,jandujar,JanduSoft,4/24/11 19:22,USR,0,0,-3.74922,40.463667,es,\N,\N,Spain
52,tsanders,\N,1/13/10 14:56,USR,0,0,0,0,\N,\N,\N,\N
53,robterrell,\N,5/28/09 19:55,USR,0,0,0,0,\N,\N,\N,\N
54,skyblue,\N,4/21/10 9:31,USR,0,0,114.057865,22.543096,cn,Guangdong,Shenzhen,"Shen Zhen, Guang Dong, China"
55,sloanwu,Shepherd,4/4/10 13:21,USR,0,0,118.0895386,24.4596405,cn,Fujian,Xiamen,"Xiamen, China"
56,Nicholas-Shen,\N,3/2/11 14:37,USR,0,0,121.5161362,31.22414589,cn,\N,Shanghai,"Shanghai, China"
57,simdm,\N,5/16/11 0:35,USR,0,0,116.4073963,39.9041999,cn,Beijing,Beijing,beijing CHINA
58,hcilab,\N,4/4/12 3:12,ORG,0,0,-66.63860321,45.98820114,ca,NB,Fredericton,"Fredericton, New Brunswick, Canada"
59,jstahlba,\N,6/9/12 14:28,USR,0,0,0,0,\N,\N,\N,\N
60,gamefish,\N,1/8/11 1:39,USR,0,0,116.3876495,39.90657043,cn,Beijing,Beijing,"Beijing, China"
61,dreamfrog,\N,2/13/12 3:25,USR,0,0,0,0,\N,\N,\N,\N
62,minggo2,\N,7/10/12 2:04,USR,0,0,0,0,\N,\N,\N,\N
63,zj831007,baidu,3/15/12 10:06,USR,0,0,116.4073963,39.9041999,cn,Beijing,Beijing,Beijing
64,rohankuruvilla,Zynga,3/11/10 10:00,USR,0,0,-122.4194155,37.7749295,us,San Francisco County,San Francisco,San Francisco
65,NUBIC,\N,12/21/10 15:52,ORG,0,0,-87.63244629,41.88425064,us,IL,Chicago,"Chicago, IL"
66,sgonyea,Google,4/23/09 3:23,USR,0,0,-122.0838511,37.3860517,us,Santa Clara County,Mountain View,"Mountain View, CA"
67,chapuni,\N,8/28/10 19:41,USR,0,0,141.2533722,41.04970169,jp,\N,Yokohama,"Yokohama, Japan"
69,heroku,\N,9/4/08 18:53,ORG,0,0,-122.4196396,37.77711868,us,CA,San Francisco,"San Francisco, CA"
70,rafacm,\N,7/22/10 3:58,USR,0,0,16.3738189,48.2081743,at,Vienna,Vienna,Vienna
71,markpasc,\N,8/5/08 22:03,USR,0,0,0,0,\N,\N,\N,\N
72,Fluttershy,\N,5/21/12 9:15,USR,0,0,0,0,\N,\N,\N,\N
73,edvorg,#NAME?,3/4/12 13:30,USR,0,0,114.109497,22.396428,hk,\N,Hong Kong,Hong Kong
74,abarocio80,\N,6/4/11 17:15,USR,0,0,0,0,\N,\N,\N,México
75,thorlax402,\N,10/6/11 14:05,USR,0,1,\N,\N,\N,\N,\N,"Boston, MA"
76,Offsite,\N,3/11/12 21:43,USR,0,0,0,0,\N,\N,\N,\N
77,naamannewbold,heroku,10/22/09 17:22,USR,0,1,\N,\N,\N,\N,\N,sf
78,samuelclay,NewsBlur,1/5/09 3:46,USR,0,0,-71.1097335,42.3736158,us,Middlesex County,Cambridge,"Cambridge, Massachusetts"
79,sclasen,Heroku / salesforce.com,12/14/10 20:28,USR,0,0,-122.4194155,37.7749295,us,San Francisco County,San Francisco,SF CA
80,chrisjaure,#NAME?,10/7/09 21:24,USR,0,0,-88.7878678,43.7844397,us,Wisconsin,\N,WI
81,jsimone,Heroku,12/1/10 18:51,USR,0,0,-122.4194155,37.7749295,us,San Francisco County,San Francisco,San Francisco
82,ES-DOC,\N,2/7/12 8:58,ORG,0,0,0,0,\N,\N,\N,global
84,ryanbrainard,Heroku / Salesforce.com,8/8/11 13:47,USR,0,0,127.766922,35.907757,kr,\N,\N,Korea
85,dismay46,\N,7/24/12 17:25,USR,0,1,\N,\N,\N,\N,\N,\N
86,adammark,\N,10/9/08 0:05,USR,0,0,0,0,\N,\N,\N,\N
87,pyrovski,\N,6/17/10 19:53,USR,0,0,0,0,\N,\N,\N,\N
88,leoamigood,\N,4/23/12 14:25,USR,0,0,-74.0059728,40.7127753,us,New York,New York,"New York, USA"
89,fbettag,Bettag Systems UG,5/1/09 10:35,USR,0,0,11.0766654,49.4521018,de,Middle Franconia,Nuremberg,"Nuremberg, Germany"
90,podarsmarty,\N,7/18/12 14:24,USR,0,0,0,0,\N,\N,\N,\N
91,vcherkassky,\N,11/30/10 6:07,USR,0,0,0,0,\N,\N,\N,\N
92,lstoll,#NAME?,2/23/08 18:34,USR,0,0,-86.7816016,36.1626638,us,Davidson County,Nashville,"Nashville, TN"
93,mbbx6spp,#NAME?,2/21/08 15:57,USR,0,0,-88.2072697,40.1105875,us,Cunningham Township,Urbana,"Urbana, IL"
102,luislavena,#NAME?,3/31/08 21:55,USR,0,0,2.3522219,48.856614,fr,Paris,Paris,"Paris, France"
107,larskanis,Comcard,1/4/10 16:18,USR,0,0,0,0,\N,\N,\N,Europe/Germany
108,mvz,\N,5/20/08 15:02,USR,0,0,4.9035614,52.3679843,nl,Government of Amsterdam,Amsterdam,"Amsterdam, The Netherlands"
109,jfirebaugh,\N,6/24/09 18:01,USR,0,0,-122.4194155,37.7749295,us,San Francisco County,San Francisco,"San Francisco, CA"
110,jonforums,\N,6/30/09 11:17,USR,0,0,0,0,\N,\N,\N,\N
111,Itseez,\N,5/28/12 16:25,ORG,0,0,0,0,\N,\N,\N,\N
112,jkammerl,Google,5/31/12 22:25,USR,0,0,-122.4194155,37.7749295,us,San Francisco County,San Francisco,San Francisco
113,kou,#NAME?,10/2/08 21:17,USR,0,0,139.6917064,35.6894875,jp,Tokyo,Tokyo,"Tokyo, Japan"
114,IFLVQRUN,\N,8/3/12 16:09,USR,1,0,\N,\N,\N,\N,\N,\N
115,jfinkhaeuser,finkhaeuser consulting,2/15/10 10:34,USR,0,0,11.5819805,48.1351253,de,Upper Bavaria,Munich,"Munich, DE"
116,cuda-geek,Intel,3/8/12 23:59,USR,0,0,0,0,\N,\N,\N,\N
117,PWECTPIN,\N,8/3/12 16:09,USR,1,0,\N,\N,\N,\N,\N,\N
118,bytefish,\N,4/8/10 6:17,USR,0,0,0,0,\N,\N,\N,\N
129,tenderlove,GitHub,3/14/08 19:04,USR,0,0,-122.3320708,47.6062095,us,King County,Seattle,Seattle
133,FUNJRRXO,\N,8/3/12 16:09,USR,1,0,\N,\N,\N,\N,\N,\N
134,fffff,\N,2/9/11 12:05,USR,0,0,0,0,\N,\N,\N,\N
135,YYJXSXMA,\N,8/3/12 16:09,USR,1,0,\N,\N,\N,\N,\N,\N
136,gpjt,PythonAnywhere LLP,9/21/09 20:14,USR,0,0,-0.1277583,51.5073509,gb,Greater London,London,"London, UK"
137,ppcinside,\N,7/24/12 9:48,USR,0,0,0,0,\N,\N,\N,"Russia, Yekaterinburg"
138,hisohito,Coursera,3/11/12 10:18,USR,0,0,-122.4194155,37.7749295,us,San Francisco County,San Francisco,San Francisco
139,kerolasa,Cloudflare,1/19/11 10:16,USR,0,0,-3.435973,55.378051,gb,\N,\N,United Kingdom
140,SnowblindFatal,\N,9/21/11 13:56,USR,0,0,0,0,\N,\N,\N,\N
141,HHWCOUWI,\N,8/3/12 16:09,USR,1,0,\N,\N,\N,\N,\N,\N
142,github,\N,5/11/08 2:37,ORG,0,0,-122.4196396,37.77711868,us,CA,San Francisco,"San Francisco, CA"
143,timfel,Oracle,1/13/09 11:10,USR,0,0,13.0644729,52.3905689,de,Brandenburg,Potsdam,"Potsdam, Germany"
144,villadora,"Ant,Tmall, DP, MS",4/12/11 12:48,USR,0,0,121.4737021,31.2303904,cn,Shanghai,Shanghai,"Shanghai,China"
145,Mirocow,Mirocow company,8/26/10 1:03,USR,0,0,37.6172999,55.755826,ru,Moscow,Moscow,Russia Moscow
146,luisparravicini,\N,1/8/09 19:15,USR,0,0,0,0,\N,\N,\N,"Necochea, Argentina"
147,gregschoen,\N,6/13/10 4:36,USR,0,0,-88.7878678,43.7844397,us,Wisconsin,\N,Wisconsin
148,mathewpeterson,\N,2/13/10 20:03,USR,0,0,0,0,\N,\N,\N,"Marinette, WI"
149,Goulie81,\N,9/27/11 17:16,USR,0,0,0,0,\N,\N,\N,\N
150,myabc,Trailblazer GmbH @trailblazer ,2/24/08 18:04,USR,0,0,-1.2577263,51.7520209,gb,Oxfordshire,Oxford,"Oxford, England"
152,gruenewa,Europace AG,9/7/10 15:28,USR,0,0,13.40232849,52.50140762,de,BE,\N,"Berlin, Germany"
153,nitram509,#NAME?,11/11/11 20:32,USR,0,0,10.451526,51.165691,de,\N,\N,GERMANY
154,wallysalami,\N,8/2/12 12:46,USR,0,0,-43.1728965,-22.9068467,br,Rio de Janeiro,Rio de Janeiro,"Rio de Janeiro, Brazil"
155,YAKDLRTA,\N,8/3/12 16:09,USR,1,0,\N,\N,\N,\N,\N,\N
156,YRELAPMV,\N,8/3/12 16:09,USR,1,0,\N,\N,\N,\N,\N,\N
157,OYNTNHMQ,\N,8/3/12 16:09,USR,1,1,\N,\N,\N,\N,\N,\N
158,karelzak,\N,9/7/11 2:50,USR,0,0,0,0,\N,\N,\N,\N
159,angular,\N,10/13/09 20:16,ORG,0,0,0,0,\N,\N,\N,\N
160,RayKwon,GE Healthcare Korea Technology Center,7/3/11 2:23,USR,0,1,0,0,\N,\N,\N,Melbourne
161,macmade,XS-Labs,10/29/09 19:14,USR,0,0,8.227512,46.818188,ch,\N,\N,Switzerland
162,XEDSMBUO,\N,8/3/12 16:09,USR,1,1,\N,\N,\N,\N,\N,\N
163,roycyang,Giant Machines,9/22/10 16:47,USR,0,0,-74.0059728,40.7127753,us,New York,New York,"New York, NY"
164,bernhard-voelker,\N,8/23/13 9:39,USR,0,0,11.4978895,48.7904472,de,Bavaria,\N,"Bavaria, Germany"
165,ryanbateman,Novoda,12/2/11 14:47,USR,0,0,-0.1277583,51.5073509,gb,Greater London,London,"London, United Kingdom"
166,powmedia,\N,7/28/10 14:33,USR,0,0,-95.9236871,36.0880339,us,Tulsa County,Tulsa,Barcelona
167,ORBEJEDK,\N,8/3/12 16:09,USR,1,0,\N,\N,\N,\N,\N,\N
168,justindarc,Mozilla Corporation,2/21/10 0:31,USR,0,0,-78.9219698,40.3267407,us,Cambria County,Johnstown,"Johnstown, PA"
169,Liberty-Concepts,\N,1/30/12 16:46,ORG,0,0,0,0,\N,\N,\N,"Boston, MA"
170,allynt,\N,3/16/12 2:56,USR,0,0,0,0,\N,\N,\N,"Edinburgh, Scotland, UK"
171,chayes627,\N,7/28/12 13:42,USR,0,0,0,0,\N,\N,\N,MD
172,gregskloot,\N,7/28/12 14:46,USR,0,0,0,0,\N,\N,\N,\N
173,tijsverkoyen,SumoCoders,4/22/10 15:19,USR,0,0,3.7174243,51.0543422,be,East Flanders,Ghent,Ghent
174,smagnani,\N,5/7/14 23:50,USR,0,0,0,0,\N,\N,\N,\N
175,knot,SUSE,11/18/08 20:45,USR,0,0,14.4378005,50.0755381,cz,Hlavní město Praha,Prague,Prague
176,jonpry,\N,9/8/11 15:48,USR,0,0,0,0,\N,\N,\N,\N
177,XLFGAECO,\N,8/3/12 16:09,USR,1,0,\N,\N,\N,\N,\N,\N
178,kubitron,UC Berkeley,10/7/11 1:13,USR,0,0,0,0,\N,\N,\N,\N
179,mbroz,\N,2/9/12 15:13,USR,0,0,0,0,\N,\N,\N,\N
180,chenniaoc,\N,7/2/10 3:36,USR,0,0,0,0,\N,\N,\N,\N
181,hpc,\N,8/3/11 19:42,ORG,0,0,0,0,\N,\N,\N,"Earth, Milky Way Galaxy"
182,LANLgrahamvh,Los Alamos National Laboritory,7/31/12 15:49,USR,0,0,0,0,\N,\N,\N,\N
183,Wylmer,CAEIT,5/29/12 10:48,USR,0,0,0,0,\N,\N,\N,\N
184,xdissent,\N,6/26/09 22:56,USR,0,0,0,0,\N,\N,\N,"East Nashville, TN"
185,vnwildman,\N,12/3/10 23:48,USR,0,0,108.277199,14.058324,vn,\N,\N,Vietnam
186,Bronsa,#NAME?,11/5/09 18:00,USR,0,0,-0.1277583,51.5073509,gb,Greater London,London,London
187,smoens,\N,1/23/12 14:48,USR,0,0,0,0,\N,\N,\N,"Leuven, Belgium"
188,YPIDIFSI,\N,8/3/12 16:09,USR,1,1,\N,\N,\N,\N,\N,\N
189,hmason,Fast Forward Labs,7/22/08 15:55,USR,0,0,-74.0059728,40.7127753,us,New York,New York,"New York, NY"
190,jkonttinen,\N,6/24/12 9:27,USR,0,0,0,0,\N,\N,\N,\N
191,6a68,#NAME?,6/17/09 16:11,USR,0,0,0,0,\N,\N,\N,Meowlifornia
192,QJEFSRVW,\N,8/3/12 16:09,USR,1,1,\N,\N,\N,\N,\N,\N
193,arunpersaud,\N,10/3/10 18:54,USR,0,0,0,0,\N,\N,\N,\N
194,samtubbax,Lunar Gravity,8/16/11 8:16,USR,0,0,0,0,\N,\N,\N,\N
195,GYRGIJPL,\N,8/3/12 16:09,USR,1,0,\N,\N,\N,\N,\N,\N
196,dave007,\N,12/28/09 12:05,USR,0,0,0,0,\N,\N,\N,\N
197,gcymbalski,\N,7/14/11 19:05,USR,0,0,-122.3320708,47.6062095,us,King County,Seattle,"Seattle, WA"
198,SQiShER,Europace AG,8/19/10 12:36,USR,0,0,13.404954,52.5200066,de,Berlin,Berlin,"Berlin, Germany"
199,ericpaulbishop,\N,4/24/10 19:35,USR,0,0,-71.0588801,42.3600825,us,Suffolk County,Boston,"Boston, MA"
200,jman01,\N,2/23/12 2:26,USR,0,0,0,0,\N,\N,\N,\N
201,Jehreg,\N,12/29/09 18:09,USR,0,0,0,0,\N,\N,\N,\N
202,shane-tomlinson,Mozilla,6/13/11 20:11,USR,0,0,-0.1277583,51.5073509,gb,Greater London,London,"London, UK"
203,seanmonstar,#NAME?,2/3/09 17:09,USR,0,0,-119.4179324,36.778261,us,California,\N,California
204,Roejames12,\N,3/14/11 15:37,USR,0,1,\N,\N,\N,\N,\N,\N
205,frasten,\N,7/11/09 22:56,USR,0,0,10.2118019,45.5415526,it,Brescia,Brescia,"Brescia, Italy"
206,bnlawrence,NCAS,5/30/12 8:09,USR,0,0,0,0,\N,\N,\N,\N
207,PKNSUCLR,\N,8/3/12 16:09,USR,1,0,\N,\N,\N,\N,\N,\N
208,alexgorbatchev,\N,3/21/09 21:35,USR,0,0,-122.4194155,37.7749295,us,San Francisco County,San Francisco,"San Francisco, CA"
209,jsaarela,\N,6/4/12 7:13,USR,0,0,0,0,\N,\N,\N,\N
210,Hashcode,\N,9/13/11 3:43,USR,0,0,-118.2436849,34.0522342,us,Los Angeles County,Los Angeles,"Los Angeles, CA"
212,joselee,\N,4/13/12 8:38,USR,0,0,0,0,\N,\N,\N,\N
214,luisibanez,"Google, Inc.",4/5/10 20:47,USR,0,0,-74.0059728,40.7127753,us,New York,New York,"New York, NY"
215,whitten,\N,12/5/11 19:59,USR,0,0,-79.0192997,35.7595731,us,North Carolina,\N,"North Carolina, USA"
216,fredwu,Wuit,10/31/08 3:34,USR,0,0,0,0,\N,\N,\N,"Melbourne, Australia (& Shanghai, China)"
217,lloyd,Facebook,12/9/08 18:59,USR,0,0,-104.990251,39.7392358,us,Denver County,Denver,"Denver, Colorado"
218,oipn4e2,Shanghai Jiao Tong University,2/4/10 0:34,USR,0,1,\N,\N,\N,\N,\N,"Shanghai, China"
219,fmpwizard,\N,3/12/09 14:41,USR,0,0,0,0,\N,\N,\N,"Hendersonville, NC"
224,lehoff,\N,1/30/10 20:10,USR,0,0,0,0,\N,\N,\N,\N
225,eriksoe,Trifork,1/14/10 2:10,USR,0,0,10.203921,56.162939,dk,\N,Aarhus,Aarhus
226,LGVWLQAR,\N,8/3/12 16:09,USR,1,0,\N,\N,\N,\N,\N,\N
227,XSMBKHQF,\N,8/3/12 16:09,USR,1,0,\N,\N,\N,\N,\N,\N
229,geoffeg,Answers,1/20/10 15:59,USR,0,0,-90.1994042,38.6270025,us,Missouri,St. Louis,"St. Louis, MO"
230,laforge49,OODAsystems,6/11/11 3:51,USR,0,0,-73.9441579,40.6781784,us,Kings County,\N,"Brooklyn, NY"
231,studiomaestro,Studiomaestro.org,4/3/10 1:00,USR,0,0,0,0,\N,\N,\N,"Nakano,Tokyo"
232,hide-nowhere,\N,12/26/11 7:38,USR,0,0,0,0,\N,\N,\N,\N
233,machisuji,OpenProject GmbH,11/27/09 12:47,USR,0,0,0,0,\N,\N,\N,"Durham, England, UK"
234,carueda,MBARI,1/10/11 22:27,USR,0,0,-95.712891,37.09024,us,\N,\N,USA
235,RKMFYBQR,\N,8/3/12 16:09,USR,1,0,\N,\N,\N,\N,\N,\N
236,IPLBFXAI,\N,8/3/12 16:09,USR,1,0,\N,\N,\N,\N,\N,\N
237,ACMCGQAN,\N,8/3/12 16:09,USR,1,0,\N,\N,\N,\N,\N,\N
238,urbanski,\N,3/8/10 13:21,USR,0,0,-114.3352652,48.4106373,us,Flathead County,Whitefish,"Whitefish, Montana"
239,griffithchaffee,\N,12/26/11 14:24,USR,0,0,0,0,\N,\N,\N,Sedona Arizona
240,kanishkaganguly,"University of Maryland, College Park",3/25/12 4:17,USR,0,0,0,0,\N,\N,\N,\N
242,howiworkdaily,\N,4/28/08 22:51,USR,0,0,0,0,\N,\N,\N,NYC/NJ
243,timepilot,\N,4/25/09 15:27,USR,0,0,0,0,\N,\N,\N,\N
244,ChrisRicca,\N,6/16/08 13:55,USR,0,0,-73.9441579,40.6781784,us,Kings County,\N,"Brooklyn, NY"
245,jefftriplett,#NAME?,1/30/09 16:42,USR,0,0,-95.2352501,38.9716689,us,Douglas County,Lawrence,"Lawrence, KS"
246,jasonmelgoza,#NAME?,5/29/09 16:20,USR,0,0,0,0,\N,\N,\N,"Santa Maria, California"
247,philippWassibauer,gidsy.com,9/2/08 9:52,USR,0,0,13.404954,52.5200066,de,Berlin,Berlin,"Berlin, Germany"
248,matagus,\N,2/27/09 9:45,USR,0,0,-58.3815591,-34.6036844,ar,Buenos Aires,Buenos Aires,"Buenos Aires, Argentina"
249,benmur,#NAME?,8/18/09 6:58,USR,0,0,-122.4194155,37.7749295,us,San Francisco County,San Francisco,"San Francisco, CA"
250,EJMREDUO,\N,8/3/12 16:09,USR,1,1,\N,\N,\N,\N,\N,\N
251,ggreif,\N,1/7/12 20:00,USR,0,0,0,0,\N,\N,\N,\N
252,AAJAIMDH,\N,8/3/12 16:09,USR,1,0,\N,\N,\N,\N,\N,\N
253,bob-wilson,\N,12/4/15 20:29,USR,0,0,0,0,\N,\N,\N,\N
254,VEJMTTPM,\N,8/3/12 16:09,USR,1,0,\N,\N,\N,\N,\N,\N
255,isanbard,\N,8/16/11 1:57,USR,0,0,0,0,\N,\N,\N,\N
256,JTVJMBSK,\N,8/3/12 16:09,USR,1,1,\N,\N,\N,\N,\N,\N
257,CBQDFYMY,\N,8/3/12 16:09,USR,1,0,\N,\N,\N,\N,\N,\N
259,djacobs,\N,12/23/08 4:28,USR,0,0,-74.0059728,40.7127753,us,New York,New York,New York City
261,estani,\N,1/15/12 15:53,USR,0,0,13.404954,52.5200066,de,Berlin,Berlin,"Berlin, Germany"
262,slouis,\N,8/1/10 12:21,USR,0,0,0,0,\N,\N,\N,\N
263,gerardgavy,\N,4/30/13 4:10,USR,0,1,0,0,\N,\N,\N,\N
264,heliostatic,#NAME?,4/6/09 5:06,USR,0,0,0,0,\N,\N,\N,"Williamstown, MA"
266,diegopacheco,Crom Microsystems,8/30/09 23:05,USR,0,0,-51.2176584,-30.0346471,br,Porto Alegre,Porto Alegre,"Porto Alegre, RS - Brazil"
268,laogao,\N,3/30/09 5:41,USR,0,0,121.4737021,31.2303904,cn,Shanghai,Shanghai,"Shanghai, China"
269,jgoodsen,http://radsoft.com,7/9/08 12:31,USR,0,0,0,0,\N,\N,\N,IdaZonaTana
271,Sidnicious,\N,8/4/09 15:13,USR,0,0,0,0,\N,\N,\N,\N
272,yui,\N,12/4/08 0:46,ORG,0,0,-122.0363496,37.36883,us,Santa Clara County,Sunnyvale,"Sunnyvale, CA"
273,lzell,\N,11/22/08 0:45,USR,0,0,-122.4194155,37.7749295,us,San Francisco County,San Francisco,"San Francisco, CA"
274,bizgems,\N,12/23/11 6:57,USR,0,1,\N,\N,\N,\N,\N,\N
276,soe,\N,5/19/10 18:48,USR,0,0,0,0,\N,\N,\N,\N
277,fractal,\N,9/11/09 10:57,USR,0,0,-0.1277583,51.5073509,gb,Greater London,London,London
278,raptrex,\N,4/29/09 21:02,USR,0,0,0,0,\N,\N,\N,\N
283,d4rkang3l,\N,7/30/11 10:55,USR,0,0,0,0,\N,\N,\N,\N
284,momipsl,Institut Pierre Simon Laplace,12/16/11 8:57,USR,0,0,2.34120011,48.85692978,fr,IdF,Paris,Paris
285,rebx,\N,7/15/09 20:16,USR,0,0,0,0,\N,\N,\N,\N
286,stephenpascoe,STFC,3/18/11 15:40,USR,0,0,0,0,\N,\N,\N,\N
287,dnordberg,\N,6/27/08 17:29,USR,0,0,-0.1277583,51.5073509,gb,Greater London,London,London
288,redaready,\N,8/18/09 20:16,USR,0,0,5.447427,43.529742,fr,Bouches-du-Rhone,Aix-en-Provence,"Aix en provence, France"
289,thomasl,\N,9/23/08 19:22,USR,0,0,18.0326004,59.35250092,se,Stockholm County,Stockholm,Stockholm
291,agilelion,\N,5/23/12 18:30,USR,0,0,-79.43280029,43.65739822,ca,ON,Toronto,"Toronto, Canada"
294,zygote,\N,2/25/08 16:01,USR,0,0,0,0,\N,\N,\N,\N
296,hokkos,\N,6/15/10 9:24,USR,0,0,0,0,\N,\N,\N,\N
297,interesse,\N,12/7/08 12:19,USR,0,0,0,0,\N,\N,\N,\N
299,mahipal,\N,8/25/09 20:24,USR,0,0,0,0,\N,\N,\N,\N
300,plokhotnyuk,\N,7/2/11 9:07,USR,0,0,19.9449799,50.0646501,pl,Kraków County,Kraków,"Kraków, Poland"
301,folone,#NAME?,8/16/10 14:15,USR,0,0,-0.1277583,51.5073509,gb,Greater London,London,"London, UK"
302,equus12,,4/16/12 7:13,USR,0,1,\N,\N,\N,\N,\N,
303,Marak,\N,4/3/09 1:34,USR,0,0,-74.0059728,40.7127753,us,New York,New York,"New York City, New York"
304,jdavis,\N,11/24/09 21:39,USR,0,0,-122.3320708,47.6062095,us,King County,Seattle,"Seattle, Washington"
305,nire,\N,2/4/11 7:57,USR,0,0,0,0,\N,\N,\N,\N
306,shenoudab,mobiThought,2/26/08 7:25,USR,0,0,30.802498,26.820553,eg,\N,\N,Egypt
307,stonegao,Innovation Works,12/22/08 10:19,USR,0,0,116.4073963,39.9041999,cn,Beijing,Beijing,Beijing
308,jsilence,\N,4/23/10 7:43,USR,0,0,0,0,\N,\N,\N,\N
309,dgkim84,\N,9/1/10 7:05,USR,0,0,0,0,\N,\N,\N,\N
310,gaustin,\N,4/8/08 11:10,USR,0,0,-122.6587185,45.5122308,us,Multnomah County,Portland,"Portland, OR"
311,ludovicc,\N,7/14/09 17:38,USR,0,0,0,0,\N,\N,\N,\N
313,cgst,\N,7/4/09 9:37,USR,0,0,-122.4196396,37.77711868,us,CA,San Francisco,San Francisco
314,jonathanchu,\N,3/23/09 17:16,USR,0,0,-74.4056612,40.0583238,us,New Jersey,\N,New Jersey
315,gkamp,\N,6/2/09 4:21,USR,0,0,0,0,\N,\N,\N,\N
316,adamgotterer,"CTO @ Knotch. Previously led engineering at CollegeHumor, Lot18, and Nomi",3/16/10 1:04,USR,0,0,-74.0059728,40.7127753,us,New York,New York,"New York, NY"
317,jbeluch,Squarespace,2/12/10 14:09,USR,0,0,-105.2705456,40.0149856,us,Boulder County,Boulder,Boulder
318,mt3,\N,3/21/10 13:25,USR,0,0,0,0,\N,\N,\N,vancity/detroit
319,jibs,\N,1/20/10 16:06,USR,0,0,0,0,\N,\N,\N,\N
320,jesperes,#NAME?,6/21/10 16:53,USR,0,0,17.6389267,59.8585638,se,Uppsala County,Uppsala,"Uppsala, Sweden"
321,igorette,\N,8/25/08 6:29,USR,0,0,0,0,\N,\N,\N,\N
322,teknikqa,\N,7/2/09 14:22,USR,0,0,0,0,\N,\N,\N,\N
323,crunchorn,\N,10/30/09 20:57,USR,0,0,0,0,\N,\N,\N,\N
324,QQMFPOXL,\N,8/3/12 16:09,USR,1,1,\N,\N,\N,\N,\N,\N
325,joshbohde,\N,2/26/09 14:21,USR,0,0,-93.2650108,44.977753,us,Hennepin County,Minneapolis,"Minneapolis, MN"
326,dkeskar,memamsa,4/21/09 4:15,USR,0,0,0,0,\N,\N,\N,"Portland, OR"
327,VWAVTPWE,\N,8/3/12 16:09,USR,1,0,\N,\N,\N,\N,\N,\N
328,savage69kr,\N,2/13/09 7:32,USR,0,0,0,0,\N,\N,\N,\N
329,jotun,\N,8/23/10 20:06,USR,0,0,0,0,\N,\N,\N,\N
330,mopemope,Abby,8/31/08 8:37,USR,0,0,139.6917064,35.6894875,jp,Tokyo,Tokyo,"Tokyo, Japan"
331,ryuuzaki,\N,7/10/09 8:36,USR,0,0,0,0,\N,\N,\N,\N
332,adkdev,\N,3/3/10 10:20,USR,0,0,100.5017651,13.7563309,th,\N,Bangkok,"Bangkok, Thailand"
333,johndbritton,GitHub,9/4/09 16:06,USR,0,0,-74.0059728,40.7127753,us,New York,New York,New York
335,danielbachhuber,Hand Built,11/24/08 19:58,USR,0,0,0,0,\N,\N,\N,"Tualatin, OR"
336,arasue,\N,8/30/10 17:02,USR,0,0,0,0,\N,\N,\N,"santa clara, ca"
337,albertsun,The New York Times,9/1/10 1:36,USR,0,0,-74.0059728,40.7127753,us,New York,New York,"New York, NY"
338,tsukkee,\N,5/8/08 23:00,USR,0,0,139.6423446,35.4475073,jp,Kanagawa Prefecture,\N,"Kanagawa, Japan"
339,aparo,Paro Consulting,10/8/08 5:19,USR,0,0,0,0,\N,\N,\N,Milan (Italy)
340,chief3rd,\N,5/13/08 13:04,USR,0,0,0,0,\N,\N,\N,\N
341,bobdia,Disattention Labs,5/3/10 22:48,USR,0,0,0,0,\N,\N,\N,Elsewhere
342,greglinch,#NAME?,7/9/10 18:11,USR,0,0,-77.0368707,38.9071923,us,District of Columbia,Washington,"Washington, D.C."
343,joshleitzel,\N,8/27/09 23:27,USR,0,0,0,0,\N,\N,\N,\N
344,davemerwin,Pure Blue,2/28/08 4:25,USR,0,0,-123.0867536,44.0520691,us,Lane County,Eugene,"Eugene, OR"
345,trueitalic,OnDeck,11/13/08 0:59,USR,0,0,-73.83170319,40.7820015,us,NY,New York,New York
346,stan,\N,2/28/08 12:20,USR,0,0,139.6917064,35.6894875,jp,Tokyo,Tokyo,"Tokyo, Japan"
348,orlin,Astrolet,3/6/08 17:49,USR,0,0,27.9147333,43.2140504,bg,Varna,Varna,"Varna, Bulgaria"
349,virgild,\N,3/4/08 16:46,USR,0,0,0,0,\N,\N,\N,Canada
350,pius,Ether,2/18/08 16:00,USR,0,0,-122.4194155,37.7749295,us,San Francisco County,San Francisco,"San Francisco, CA"
351,dimitrisli,\N,6/20/10 16:10,USR,0,0,8.541694,47.3768866,ch,Zürich District,Zürich,"Zurich, Switzerland"
352,stephencelis,#NAME?,2/22/08 21:26,USR,0,0,-73.9441579,40.6781784,us,Kings County,\N,Brooklyn
353,yiningzhao,\N,9/11/10 20:29,USR,0,0,0,0,\N,\N,\N,\N
354,brandono,\N,8/13/10 18:04,USR,0,0,0,0,\N,\N,\N,\N
355,christkv,10Gen.com,4/7/08 9:38,USR,0,0,2.1734035,41.3850639,es,Barcelona,Barcelona,"Barcelona, Spain"
356,vitohuang,\N,2/14/09 13:05,USR,0,0,0,0,\N,\N,\N,"Bath, UK"
357,malditogeek,Freelance,6/23/08 17:47,USR,0,0,-0.137163,50.82253,gb,The City of Brighton and Hove,Brighton,"Brighton, UK"
358,gowthaman-basuvaraj,\N,8/20/09 4:46,USR,0,0,77.5945627,12.9715987,in,Bangalore Urban,Bengaluru,"Bangalore, India"
359,imtapps,\N,6/13/11 16:32,ORG,0,0,0,0,\N,\N,\N,\N
360,asmorkalov,Intel,11/12/12 18:12,USR,0,0,0,0,\N,\N,\N,\N
361,devjones,\N,7/13/10 14:12,USR,0,0,0,0,\N,\N,\N,\N
363,FR6,\N,5/25/10 12:20,USR,0,0,0,0,\N,\N,\N,\N
364,fmu,\N,8/25/08 7:54,USR,0,0,0,0,\N,\N,\N,SF & Munich
365,jet47,Intel,5/22/12 15:20,USR,0,0,43.936059,56.2965039,ru,Gorod Nizhniy Novgorod,Nizhny Novgorod,"Russia, Nizhny Novgorod"
366,taoeffect,"Tao Effect, okTurtles",10/12/09 12:32,USR,0,0,-122.2913078,37.8271784,us,California,\N,Bay Area
367,mren2,\N,11/12/15 1:27,USR,0,0,0,0,\N,\N,\N,\N
368,joshkim,\N,3/7/08 15:50,USR,0,0,0,0,\N,\N,\N,\N
369,fozbaca,\N,10/22/08 23:11,USR,0,0,0,0,\N,\N,\N,\N
370,Bigcheese,\N,6/10/10 6:01,USR,0,0,-122.2363548,37.4852152,us,San Mateo County,Redwood City,"Redwood City, CA"
371,jeffmincey,\N,8/3/09 20:36,USR,0,0,0,0,\N,\N,\N,\N
372,mjrusso,Polar Mobile,6/30/09 17:59,USR,0,0,-79.3831843,43.653226,ca,Toronto Division,Toronto,"Toronto, Ontario"
373,denimboy,Craigslist,5/28/09 18:19,USR,0,0,-122.4196396,37.77711868,us,CA,San Francisco,San Francisco
374,marshallmick007,\N,8/18/09 12:46,USR,0,0,-105.937799,35.6869752,us,Santa Fe County,Santa Fe,"Santa Fe, NM"
375,ametade,\N,12/18/09 17:29,USR,0,0,0,0,\N,\N,\N,\N
376,tianyicui,Jane Street,2/9/09 13:50,USR,0,0,-74.0059728,40.7127753,us,New York,New York,New York City
377,alisey,#NAME?,9/25/10 4:25,USR,0,0,34.7817676,32.0852999,il,Tel Aviv District,Tel Aviv-Yafo,"Tel Aviv, Israel"
378,axiomsofchoice,\N,10/7/09 17:47,USR,0,0,-0.1277583,51.5073509,gb,Greater London,London,London
379,MasterLambaster,\N,10/2/09 16:14,USR,0,0,0,0,\N,\N,\N,\N
380,SnippyHolloW,\N,2/24/09 17:02,ORG,0,0,0,0,\N,\N,\N,\N
382,bencaron,\N,11/24/09 16:32,USR,0,0,-73.567256,45.5016889,ca,Montreal,Montreal,"Montreal, Quebec, Canada"
383,olauzon,\N,8/1/08 14:28,USR,0,0,-74.0059728,40.7127753,us,New York,New York,"New York, NY"
384,shauntrennery,UX Foundry,6/25/09 10:23,USR,0,0,31.0218404,-29.8586804,za,Durban Metro,Durban,"Durban, South Africa"
385,slig,\N,12/2/08 12:06,USR,0,0,0,0,\N,\N,\N,\N
386,tosh,Blossom,6/24/08 7:58,USR,0,0,16.3738189,48.2081743,at,Vienna,Vienna,"Vienna, Europe"
387,cyberlabe,\N,5/23/10 7:28,USR,0,0,0,0,\N,\N,\N,\N
388,kjbekkelund,#NAME?,4/5/08 6:18,USR,0,1,10.75,59.91228867,no,Oslo,Oslo,"Oslo, Norway"
389,cameronpriest,TradeGecko,4/1/09 21:48,USR,0,0,103.819836,1.352083,sg,\N,\N,Singapore
390,francois2metz,#NAME?,5/20/09 8:01,USR,0,0,2.3522219,48.856614,fr,Paris,Paris,"Paris, France"
391,peterc,Cooper Press Ltd.,2/2/08 0:00,USR,0,0,0.121817,52.205337,gb,Cambridgeshire,Cambridge,"Cambridge, UK"
392,superfeedr,\N,5/11/09 19:20,ORG,0,0,0,0,\N,\N,\N,Earth!
393,kenkyhuang,\N,11/4/10 14:45,USR,0,0,0,0,\N,\N,\N,\N
394,pculture,\N,7/12/11 15:44,ORG,0,0,0,0,\N,\N,\N,\N
395,nikcub,\N,10/16/10 9:28,USR,0,0,0,0,\N,\N,\N,PGP Key ID 3D385CC5
396,p4bl0,\N,1/18/09 23:55,USR,0,0,0,0,\N,\N,\N,\N
397,badri,Axelerant,12/21/08 16:15,USR,0,0,80.2707184,13.0826802,in,Chennai,Chennai,Chennai
398,PCF-Testing,\N,5/27/10 6:44,USR,0,0,0,0,\N,\N,\N,\N
399,arthur-debert,http://www.loggi.com,11/17/08 10:25,USR,0,0,-46.6333094,-23.5505199,br,São Paulo,São Paulo,"São Paulo, Brazil"
400,desigooner,\N,6/15/10 9:51,USR,0,0,-71.05673981,42.35866165,us,MA,Boston,"Boston, MA"
401,cz,Hudl,9/24/08 14:46,USR,0,0,-74.0059728,40.7127753,us,New York,New York,New York
402,ehazlett,Docker,4/30/10 14:31,USR,0,0,-86.158068,39.768403,us,Marion County,Indianapolis,"Indianapolis, IN"
404,fernandotakai,http://olark.com,9/8/08 16:01,USR,0,0,-46.6333094,-23.5505199,br,São Paulo,São Paulo,"São Paulo, Brasil"
405,honza,Red Hat,2/18/10 22:00,USR,0,0,-63.5752387,44.6487635,ca,Halifax Regional Municipality,Halifax Regional Municipality,"Halifax, Canada"
406,rogeriomarques,\N,8/6/10 19:37,USR,0,0,0,0,\N,\N,\N,\N
407,jdragojevic,Participatory Culture Foundation,6/7/10 19:11,USR,0,0,0,0,\N,\N,\N,\N
408,tobym,Tapad,2/17/09 21:52,USR,0,0,-74.0059728,40.7127753,us,New York,New York,NYC
409,nicksergeant,HubSpot,10/2/08 19:29,USR,0,0,-77.2816984,42.887535,us,Canandaigua,Canandaigua,"Canandaigua, NY"
410,rchekaluk,\N,4/8/10 16:26,USR,0,0,0,0,\N,\N,\N,\N
411,ryanitus,\N,3/9/12 16:27,USR,0,0,0,0,\N,\N,\N,\N
412,sjl,\N,2/26/09 20:20,USR,0,0,-77.6088465,43.1565779,us,Monroe County,Rochester,"Rochester, NY"
413,dlo,#NAME?,12/5/08 1:46,USR,0,0,-97.7430608,30.267153,us,Travis County,Austin,"Austin, TX"
414,unisubs-transifex,\N,6/15/11 16:51,USR,0,0,0,0,\N,\N,\N,\N
415,ashish0x90,\N,1/31/09 18:08,USR,0,0,78.96288,20.593684,in,\N,\N,india
416,tantalor,http://johntantalo.com,2/28/08 20:12,USR,0,0,-79.9958864,40.4406248,us,Allegheny County,Pittsburgh,"Pittsburgh, PA"
417,unsheeple,\N,1/17/09 3:38,USR,0,0,0,0,\N,\N,\N,\N
418,ask,#NAME?,2/28/08 11:11,USR,0,0,-122.1430195,37.4418834,us,Santa Clara County,Palo Alto,"Palo Alto, CA"
419,adulau,#NAME?,3/17/08 20:06,USR,0,0,15.2551187,54.5259614,\N,\N,\N,Europe
420,scottarnold,\N,12/8/09 1:06,USR,0,0,0,0,\N,\N,\N,\N
421,icco,#NAME?,8/10/08 18:56,USR,0,0,-73.9441579,40.6781784,us,Kings County,\N,"Brooklyn, NY"
422,bdotdub,http://timehop.com/,4/7/08 21:52,USR,0,0,-74.0059728,40.7127753,us,New York,New York,"New York, NY"
423,cpsaltis,mist.io,3/2/11 12:15,USR,0,0,23.7275388,37.9838096,gr,Central Athens,Athens,"Athens, Greece"
424,xmcgyver,\N,6/2/10 23:21,USR,0,0,0,0,\N,\N,\N,\N
425,anirudhjoshi,\N,11/14/09 11:29,USR,0,0,0,0,\N,\N,\N,\N
426,iostream,\N,4/22/11 14:27,USR,0,0,13.74081039,51.05363083,de,SN,Dresden,"Germany, Dresden"
427,up4,#NAME?,5/15/10 21:31,USR,0,0,0,0,\N,\N,\N,"Drummondville, Canada"
428,TYURJMAI,\N,8/3/12 16:09,USR,1,1,\N,\N,\N,\N,\N,\N
429,Nashev,\N,1/26/10 13:27,USR,0,0,0,0,\N,\N,\N,\N
430,MIGUELONCH,\N,10/6/11 22:11,USR,1,0,\N,\N,\N,\N,\N,\N
431,babo,\N,2/28/08 9:48,USR,0,0,10.7522454,59.9138688,no,Oslo,Oslo,Oslo
432,seecinq,\N,9/27/10 20:52,USR,0,0,0,0,\N,\N,\N,\N
433,inffcs00,,3/3/08 8:59,USR,0,1,\N,\N,\N,\N,\N,A Coruña
434,ajmi,\N,2/18/11 20:33,USR,0,0,0,0,\N,\N,\N,\N
435,tsnow,Palantir,1/23/09 23:19,USR,0,0,-77.0368707,38.9071923,us,District of Columbia,Washington,"Washington, DC"
436,taichi,\N,3/23/09 13:57,USR,0,0,139.6917064,35.6894875,jp,Tokyo,Tokyo,Tokyo
437,imrehg,Taipei Hackerspace,12/7/08 12:15,USR,0,0,-0.1277583,51.5073509,gb,Greater London,London,"London, UK"
438,jeremymason,\N,11/6/10 13:58,USR,0,0,0,0,\N,\N,\N,\N
439,okuryu,#NAME?,11/15/08 7:10,USR,0,0,139.6917064,35.6894875,jp,Tokyo,Tokyo,Tokyo
440,ducu,Svven,7/12/09 7:45,USR,0,0,0,0,\N,\N,\N,\N
441,chirayu,Flipkart,5/22/08 21:49,USR,0,0,77.58728027,12.96697044,in,Karnataka,Bengaluru,Bangalore
442,juniorbl,\N,11/30/08 14:13,USR,0,0,-79.3831843,43.653226,ca,Toronto Division,Toronto,"Toronto, Canada"
443,sepehrm,Ontario Institute for Cancer Reserch,4/24/09 22:17,USR,0,0,-80.60643768,40.46094894,us,OH,Toronto,Toronto
444,tsubame959,\N,12/5/10 14:39,USR,0,0,0,0,\N,\N,\N,\N
445,mrleinad,The Fusion Group,8/15/10 17:13,USR,0,1,\N,\N,\N,\N,\N,Tandil
446,Fodi69,\N,12/8/10 13:01,USR,0,0,0,0,\N,\N,\N,\N
447,mitnworb,\N,11/10/09 22:39,USR,0,0,0,0,\N,\N,\N,\N
448,bibinou,,4/6/09 14:20,USR,0,1,\N,\N,\N,\N,\N," Lyon, France"
449,christopherhan,\N,11/5/10 17:37,USR,0,0,0,0,\N,\N,\N,\N
450,dvliman,#NAME?,12/3/09 8:21,USR,0,0,-118.4911912,34.0194543,us,Los Angeles County,Santa Monica,"Santa Monica, CA"
451,adncentral,\N,2/18/10 8:20,USR,0,0,0,0,\N,\N,\N,\N
452,adragomir,\N,3/17/08 22:16,USR,0,0,26.1025384,44.4267674,ro,Bucharest,Bucharest,Bucharest
453,dwiRianto,\N,6/25/11 20:55,USR,0,0,0,0,\N,\N,\N,\N
454,pombredanne,\N,3/17/11 20:45,USR,0,0,0,0,\N,\N,\N,\N
455,mintchaos,#NAME?,2/28/08 5:24,USR,0,0,-122.3320708,47.6062095,us,King County,Seattle,"Seattle, WA"
456,rooty,Keepsolid,1/13/10 9:20,USR,0,0,0,0,\N,\N,\N,"Ukraine, Odessa"
457,mcroydon,\N,2/28/08 2:05,USR,0,0,-97.7430608,30.267153,us,Travis County,Austin,"Austin, Texas"
458,SahabMedia,\N,2/22/11 16:13,USR,0,0,0,0,\N,\N,\N,\N
459,jbr,Consultant,6/11/08 2:58,USR,0,0,-122.5950942,45.5897694,us,Multnomah County,Portland,pdx
460,bloodpet,Emanuel Calso,5/21/09 22:48,USR,0,0,121.774017,12.879721,ph,\N,\N,Philippines
461,mrjjwright,\N,4/2/08 18:35,USR,0,0,-105.2705456,40.0149856,us,Boulder County,Boulder,"Boulder, CO"
462,rtnpro,Zapier,3/27/10 17:02,USR,0,0,77.5945627,12.9715987,in,Bangalore Urban,Bengaluru,"Bangalore, Karnataka, India"
463,apalancat,\N,6/20/08 8:46,USR,0,1,2.1771353,41.3825596,es,CAT,Barcelona,Barcelona
464,yeradis,\N,3/13/11 12:14,USR,0,0,2.1734035,41.3850639,es,Barcelona,Barcelona,"Barcelona,Spain"
465,andrew,#NAME?,2/27/08 10:39,USR,0,0,-2.9262307,51.105097,gb,Somerset,\N,"Somerset, UK"
466,diego-machado,\N,9/1/11 23:31,USR,0,0,0,0,\N,\N,\N,\N
467,henriquelbsouza,ThoughtWorks Inc.,9/22/11 10:02,USR,0,0,0,0,\N,\N,\N,"Porto Alegre - RS, Brasil"
468,forteller,\N,7/25/10 13:15,USR,0,0,0,0,\N,\N,\N,\N
469,nims11,\N,12/22/11 16:22,USR,0,0,4.3991,50.71469,be,Walloon Brabant,Waterloo,Waterloo
470,jrivero,XKQ,9/1/08 14:05,USR,0,0,-95.9236871,36.0880339,us,Tulsa County,Tulsa,Barcelona
471,GFQKEWAI,\N,8/3/12 16:09,USR,1,0,\N,\N,\N,\N,\N,\N
472,alfredo,Made with bytes,10/15/09 12:46,USR,0,0,0,0,\N,\N,\N,\N
473,L42y,\N,5/23/10 14:52,USR,0,0,0,0,\N,\N,\N,\N
474,jfilipe,"theScore, Wave",1/20/10 0:24,USR,0,0,-79.3831843,43.653226,ca,Toronto Division,Toronto,"Toronto, Canada"
475,sidisinsane,\N,8/8/08 4:33,USR,0,0,0,0,\N,\N,\N,\N
476,lukeorland,\N,5/27/08 6:22,USR,0,0,-74.0059728,40.7127753,us,New York,New York,"New York, NY"
477,smagch,\N,7/6/11 14:47,USR,0,0,0,0,\N,\N,\N,"Asahikawa, Hokkaido, Japan"
478,leeh,\N,4/23/08 15:23,USR,0,0,0,0,\N,\N,\N,"Toronto, ON"
479,ericpugh,#NAME?,11/6/11 23:58,USR,0,0,-77.0368707,38.9071923,us,District of Columbia,Washington,"Washington, DC"
480,michaelx,mymorningroutine.com,2/6/10 14:05,USR,0,0,13.404954,52.5200066,de,Berlin,Berlin,"Berlin, Germany"
481,ericras,#NAME?,10/20/10 1:21,USR,0,0,-96.7025955,40.813616,us,Lancaster County,Lincoln,"Lincoln, NE"
482,fosstrack,\N,12/19/11 11:49,USR,0,0,0,0,\N,\N,\N,\N
483,takaken,\N,7/5/10 16:56,USR,0,0,0,0,\N,\N,\N,\N
484,ryanwi,\N,1/27/09 0:24,USR,0,0,-122.6587185,45.5122308,us,Multnomah County,Portland,"Portland, OR"
485,epitron,\N,7/8/08 14:07,USR,0,0,-79.3831843,43.653226,ca,Toronto Division,Toronto,Toronto
486,robdiciuccio,\N,6/4/10 3:14,USR,0,0,-122.4194155,37.7749295,us,San Francisco County,San Francisco,San Francisco
487,adrienne,\N,5/28/09 19:54,USR,0,0,0,0,\N,\N,\N,\N
488,HOAJOTGO,\N,8/3/12 16:09,USR,1,1,\N,\N,\N,\N,\N,\N
489,bjelline,FH Salzburg - University of Applied Science,11/26/08 12:53,USR,0,0,14.550072,47.516231,at,\N,\N,Austria
490,romen,TUT,7/20/10 7:50,USR,0,0,23.7609535,61.4977524,fi,\N,Tampere,Tampere
491,MechanisM,MechanisM,9/1/09 5:12,USR,0,0,-95.266826,36.249758,us,Oklahoma,Pryor,Worldwide
492,macdiva,\N,1/31/09 18:49,USR,0,0,0,0,\N,\N,\N,\N
493,etherzhhb,Advanced Digital Science Center ,5/15/10 12:26,USR,0,0,103.8205338,1.32199585,sg,\N,\N,Singapore
494,bbirec,BGPworks,6/22/11 0:36,USR,0,0,127.766922,35.907757,kr,\N,\N,South Korea
495,JWegener,\N,6/12/10 13:32,USR,0,0,0,0,\N,\N,\N,\N
496,nadafigment,\N,1/10/12 22:59,USR,0,0,0,0,\N,\N,\N,\N
497,smulloni,Google,12/11/08 3:38,USR,0,0,-98.95733643,39.44325638,us,\N,\N,United States
498,jengdal,\N,7/1/08 14:02,USR,0,0,25.7481511,61.92411,fi,\N,\N,Finland
499,liuyf,\N,7/25/09 16:35,USR,0,0,0,0,\N,\N,\N,\N
500,tokuda109,Sensy Inc,7/26/09 5:07,USR,0,0,139.6917064,35.6894875,jp,Tokyo,Tokyo,Tokyo
501,bradjmiller,\N,9/26/08 15:38,ORG,0,0,0,0,\N,\N,\N,\N
502,m0hit,\N,4/14/10 18:56,USR,0,0,-122.4194155,37.7749295,us,San Francisco County,San Francisco,San Francisco 
503,discont,\N,2/2/11 18:43,USR,0,0,0,0,\N,\N,\N,\N
504,libraM,\N,10/16/10 14:43,USR,0,0,0,0,\N,\N,\N,\N
505,michelled,Inclusive Design Research Centre,1/13/11 14:13,USR,0,0,0,0,\N,\N,\N,\N
506,doc,"Audatex Canada, LLC",12/13/08 1:25,USR,0,0,-79.3831843,43.653226,ca,Toronto Division,Toronto,"Toronto, Ontario, Canada"
507,regexident,\N,10/10/09 17:52,USR,0,0,13.404954,52.5200066,de,Berlin,Berlin,"Berlin, Germany"
508,markkaplan,\N,1/15/09 15:52,USR,0,0,0,0,\N,\N,\N,\N
509,mjmurphy,#NAME?,7/26/10 23:39,USR,0,0,7.58561993,47.57080078,ch,BS,Basel,"Basel, Switzerland"
510,trbngr,\N,8/15/10 2:01,USR,0,0,-112.0740373,33.4483771,us,Maricopa County,Phoenix,"Phoenix, AZ, USA"
511,vgrichina,Componentix,9/14/09 9:24,USR,0,0,28.4682169,49.233083,ua,Vinnyts'ka city council,Vinnytsia,Vinnitsa
512,ankit,\N,3/10/09 3:41,USR,0,0,-122.0838511,37.3860517,us,Santa Clara County,Mountain View,"Mountain View, CA"
513,Detrus,\N,12/11/09 2:39,USR,0,0,0,0,\N,\N,\N,\N
514,brunosan,#NAME?,10/10/10 1:54,USR,0,0,-77.0368707,38.9071923,us,District of Columbia,Washington,Washington DC
515,daviddahl,\N,9/9/08 19:57,USR,0,0,0,0,\N,\N,\N,The Southeastern Quadrant
516,elifarley,\N,12/12/10 12:52,USR,0,0,-51.92528,-14.235004,br,\N,\N,Brazil
517,kovshenin,Automattic,7/24/09 12:53,USR,0,0,37.6172999,55.755826,ru,Moscow,Moscow,"Moscow, Russia"
518,korch,\N,12/10/08 5:09,USR,0,0,0,0,\N,\N,\N,\N
519,rochoa,CARTO,1/9/09 14:10,USR,0,0,-3.7037902,40.4167754,es,Madrid,Madrid,"Madrid, Spain"
520,Alerion,\N,8/27/09 13:28,USR,0,0,24.029717,49.839683,ua,L'vivs'ka city council,Lviv,"Ukraine, Lviv"
521,wescott,Lupuliquendi,7/22/11 1:50,USR,0,0,-119.4179324,36.778261,us,California,\N,California
522,widyakumara,\N,2/2/11 8:07,USR,0,0,0,0,\N,\N,\N,\N
523,jbau,\N,4/10/11 21:45,USR,0,0,0,0,\N,\N,\N,\N
524,knv,\N,5/3/09 1:07,USR,0,0,0,0,\N,\N,\N,\N
525,hardykevin,\N,6/17/11 10:42,USR,0,0,0,0,\N,\N,\N,"Kunming,Yunnan,China"
526,pankajmore,\N,9/11/10 7:21,USR,0,0,0,0,\N,\N,\N,\N
527,remram44,New York University,10/4/10 15:04,USR,0,0,-74.0059728,40.7127753,us,New York,New York,"New York, NY, USA"
528,mdolon,http://mdolon.com/,6/4/10 13:22,USR,0,0,0,0,\N,\N,\N,"NYC, NC, Cali"
529,unhammer,\N,2/22/09 17:07,USR,0,0,5.7331074,58.9699756,no,Rogaland,Stavanger,"Stavanger, Norway"
530,iamkittu,\N,10/24/11 16:40,USR,0,1,0,0,\N,\N,\N,94103
531,nelas,\N,8/11/10 14:47,USR,0,0,13.7372621,51.0504088,de,Dresden Government Region,Dresden,"Dresden, Germany"
532,jesusmercado,\N,4/21/10 13:33,USR,0,1,-53.2,-10.3333333,br,\N,\N,Brazil
533,velenux,Stardata S.r.l.,2/2/10 11:29,USR,0,0,0,0,\N,\N,\N,\N
534,mahmoud,#NAME?,4/12/08 0:33,USR,0,0,-121.8863286,37.3382082,us,Santa Clara County,San Jose,"San Jose, CA"
535,cnauroth,The Walt Disney Company,3/21/10 17:06,USR,0,0,-122.3294525,47.60356903,us,WA,Seattle,"Seattle, WA"
536,NikoKJ,\N,11/12/12 18:12,USR,0,0,0,0,\N,\N,\N,\N
537,victorlin,\N,2/11/10 5:58,USR,0,0,-82.3248262,29.6516344,us,Alachua County,Gainesville,"Gainesville, Florida"
538,jyotirmaya,\N,9/15/10 17:03,USR,0,0,0,0,\N,\N,\N,\N
539,tmattia,#NAME?,2/11/10 16:10,USR,0,0,-122.4194155,37.7749295,us,San Francisco County,San Francisco,San Francisco
540,hmert,#NAME?,1/15/10 10:58,USR,0,0,-122.4194155,37.7749295,us,San Francisco County,San Francisco,San Francisco
541,zhangcheng,\N,1/25/10 8:50,USR,0,0,114.057865,22.543096,cn,Guangdong,Shenzhen,"Shenzhen, China"
542,iki,\N,11/6/09 12:12,USR,0,0,14.4378005,50.0755381,cz,Hlavní město Praha,Prague,"Prague, Czech Republic"
543,nestorrojas,OPENCADEMY,4/26/09 14:46,USR,0,0,26.1025384,44.4267674,ro,Bucharest,Bucharest,"Bucharest, Romania"
544,davedenis,Verve Media,12/6/10 0:14,USR,0,0,-78.78115845,35.78974915,us,NC,Cary,"Cary, NC"
545,fawek,\N,2/23/11 22:03,USR,0,0,0,0,\N,\N,\N,\N
546,BIMVCIKK,\N,8/3/12 16:09,USR,1,0,\N,\N,\N,\N,\N,\N
547,nivertech,\N,4/27/09 18:24,USR,0,0,0,0,\N,\N,\N,\N
548,ajamaica,\N,6/28/10 15:53,USR,0,0,0,0,\N,\N,\N,\N
549,pawal,\N,5/24/10 16:17,USR,0,0,18.0685808,59.3293235,se,Stockholm County,Stockholm,"Stockholm, Sweden"
550,surat,\N,2/14/11 7:36,USR,0,0,0,0,\N,\N,\N,\N
551,cstanhope,\N,2/13/10 20:14,USR,0,0,0,0,\N,\N,\N,\N
552,mbarger,\N,4/24/12 12:27,USR,0,0,0,0,\N,\N,\N,\N
553,olragon,\N,1/19/09 9:34,USR,0,0,106.6296638,10.8230989,vn,Ho Chi Minh City,Ho Chi Minh City,"Ho Chi Minh City, Viet Nam"
554,mhaidarh,#NAME?,4/2/10 7:27,USR,0,0,0,0,\N,\N,\N,"Earth, The Solar System"
555,RStankov,\N,5/10/08 6:31,USR,0,0,23.3218675,42.6977082,bg,Sofia City Province,Sofia,"Sofia, Bulgaria"
556,omni5cience,Lightmatter,2/20/10 3:50,USR,0,0,-74.0059728,40.7127753,us,New York,New York,NYC
557,emrahsari,Royal Bits,6/2/10 12:56,USR,0,0,0,0,\N,\N,\N,Turkey
558,Vovochka777,ONMedU,5/4/12 16:07,USR,0,0,0,0,\N,\N,\N,Ukraine
559,adamgibbins,\N,1/15/09 14:56,USR,0,0,-0.1277583,51.5073509,gb,Greater London,London,"London, England"
560,natea,Appsembler,8/24/09 16:25,USR,0,0,-122.272747,37.8715926,us,Alameda County,Berkeley,"Berkeley, CA"
561,isaacgrant,silverorange,1/27/09 18:18,USR,0,0,-63.1310704,46.23824,ca,Lot 34,Charlottetown,"Charlottetown, PE, Canada"
562,stephenjudge,\N,9/14/09 0:05,USR,0,0,0,0,\N,\N,\N,"Dún Laoghaire, Dublin, Ireland"
563,heyitsnoah,Percolate,10/24/09 18:55,USR,0,0,-73.83170319,40.7820015,us,NY,New York,NYC
564,rkabir,ProBueno,8/28/08 15:26,USR,0,0,0,0,\N,\N,\N,"Cambridge, MA"
565,Mathew,\N,10/6/09 17:30,USR,0,0,0,0,\N,\N,\N,"UK, Edinburgh"
566,arthurlutz,Personnal account,7/24/09 17:58,USR,0,0,2.213749,46.227638,fr,\N,\N,France
567,jamesthornton,See link below for my primary GitHub account (espeed),8/26/09 14:38,USR,0,0,-96.79540253,32.77814865,us,TX,Dallas,"Dallas, TX"
568,ecaldwell,Radiant Solutions,4/9/10 16:56,USR,0,0,-77.0368707,38.9071923,us,District of Columbia,Washington,"Washington, DC"
569,cybertoast,\N,7/10/08 16:55,USR,0,0,0,0,\N,\N,\N,\N
570,azizpalmer,\N,11/9/09 6:37,USR,0,0,0,0,\N,\N,\N,\N
571,mindblink,\N,3/2/09 4:50,USR,0,0,0,0,\N,\N,\N,\N
572,joshdoe,\N,7/14/10 13:10,USR,0,0,0,0,\N,\N,\N,\N
573,patricksan,#NAME?,5/6/09 10:09,USR,0,0,4.469936,50.503887,be,\N,\N,Belgium
574,nemgue,\N,1/24/11 4:24,USR,0,0,0,0,\N,\N,\N,\N
575,marg51,\N,1/1/11 17:32,USR,0,0,-0.1277583,51.5073509,gb,Greater London,London,London
576,amirshim,\N,4/6/10 4:32,USR,0,0,-74.0059728,40.7127753,us,New York,New York,NYC
577,mvmocanu,\N,3/8/09 17:21,USR,0,0,23.6236353,46.7712101,ro,Cluj - Napoca,Cluj-Napoca,Cluj-Napoca
578,Avant-Contra,\N,3/9/11 13:36,USR,0,1,\N,\N,\N,\N,\N,\N
579,prakaashkpk,\N,5/17/11 15:38,USR,0,0,77.5945627,12.9715987,in,Bangalore Urban,Bengaluru,"Bangalore, India"
580,hungtruong,#NAME?,10/18/10 22:54,USR,0,0,-122.3320708,47.6062095,us,King County,Seattle,"Seattle, WA"
581,nathangibbs,"KACU, Abilene Christian University",7/19/11 20:45,USR,0,0,0,0,\N,\N,\N,"Abilene, TX"
582,m3matta,PagerDuty,4/9/11 18:27,USR,0,0,-80.60643768,40.46094894,us,OH,Toronto,Toronto
583,skfd,\N,11/29/09 23:09,USR,0,0,30.5234,50.4501,ua,Kyiv City,Kyiv,"Ukraine, Kiev"
584,taoh,\N,3/2/11 18:00,USR,0,0,0,0,\N,\N,\N,\N
585,PixelPartner,\N,4/14/09 5:06,USR,0,0,0,0,\N,\N,\N,Berlin / Germany
586,dylanfareed,#NAME?,2/5/10 2:41,USR,0,0,-73.9441579,40.6781784,us,Kings County,\N,"Brooklyn, NY"
587,blinks,"Google, Inc.",6/30/08 13:51,USR,0,0,-122.1634581,47.7542651,us,King County,Woodinville,"Woodinville, WA"
588,donfrancisco,\N,6/15/10 21:29,USR,0,0,-118.4922867,34.01155853,us,CA,Santa Monica,"Santa Monica, CA"
589,mitharris,\N,1/12/12 20:22,USR,0,0,-77.03195953,38.89036942,us,DC,Washington,"Washington, DC"
590,blowfish,\N,11/18/09 13:14,USR,0,0,0,0,\N,\N,\N,\N
591,Cyranix,\N,12/2/09 20:08,USR,0,0,0,0,\N,\N,\N,\N
592,pierre-roux,\N,10/13/10 18:33,USR,0,1,\N,\N,\N,\N,\N,\N
593,UOCCTJFL,\N,8/3/12 16:09,USR,1,0,\N,\N,\N,\N,\N,\N
594,FinalBoy,\N,4/26/10 0:27,USR,0,0,0,0,\N,\N,\N,\N
595,acli,OCAD University,3/8/12 16:37,USR,0,0,-79.3831843,43.653226,ca,Toronto Division,Toronto,"Toronto, Ontario, Canada"
596,reeyuk,Last Stage Of Delirium,1/22/09 11:16,USR,0,0,2.34120011,48.85692978,fr,IdF,Paris,Paris
597,dzeez,\N,11/8/10 7:40,USR,0,0,-73.83170319,40.7820015,us,NY,New York,NYC
598,lsemel,Sawhorse Media,12/6/09 19:29,USR,0,0,-74.0059728,40.7127753,us,New York,New York,"New York, NY"
599,mrpeterpeter,PDH,3/17/08 15:48,USR,0,0,-1.55077004,53.77479935,gb,England,Leeds,"Leeds, United Kingdom"
600,asnark,\N,1/25/10 17:18,USR,0,0,0,0,\N,\N,\N,Texas
601,budparr,#NAME?,8/14/09 12:43,USR,0,0,-74.0059728,40.7127753,us,New York,New York,New York City
602,nemobrain,\N,9/28/10 23:10,USR,0,1,\N,\N,\N,\N,\N,\N
603,lboaretto,\N,11/21/08 17:35,USR,0,0,0,0,\N,\N,\N,\N
604,emchristiansen,\N,3/18/10 20:03,USR,0,0,0,0,\N,\N,\N,\N
605,sixpoint,\N,10/7/09 2:09,USR,0,0,0,0,\N,\N,\N,\N
606,pigmonkey,\N,11/29/10 22:47,USR,0,0,0,0,\N,\N,\N,\N
607,gmcclure,\N,5/26/08 21:09,USR,0,0,-117.9298493,33.6188829,us,Orange County,Newport Beach,"Newport Beach, CA"
608,sbromle,\N,9/6/11 14:38,USR,0,0,-106.346771,56.130366,ca,\N,\N,Canada
609,appsembler,\N,1/22/12 23:04,ORG,0,0,-71.05673981,42.35866165,us,MA,Boston,"Boston, MA"
610,swem,\N,12/8/10 4:14,USR,0,0,0,0,\N,\N,\N,\N
611,silopolis,SILOPOLIS,9/24/10 13:10,USR,0,0,4.805528,43.949317,fr,Vaucluse,Avignon,"Avignon, France"
612,juanriaza,#NAME?,1/9/11 9:58,USR,0,0,-3.7037902,40.4167754,es,Madrid,Madrid,Madrid
613,opencv-pushbot,\N,7/27/12 8:42,USR,0,0,0,0,\N,\N,\N,\N
614,DNX,\N,7/30/10 8:45,USR,0,0,-97.3435295,37.6895216,us,Sedgwick County,Wichita,IT
615,ahparikh,#NAME?,12/24/09 5:16,USR,0,0,0,0,\N,\N,\N,\N
616,lucas0412,\N,3/11/11 15:12,USR,0,1,\N,\N,\N,\N,\N,"Tainan, Taiwan"
617,brianloveswords,Splice,12/11/09 16:30,USR,0,0,-73.9441579,40.6781784,us,Kings County,\N,"Brooklyn, New York"
618,sunny0425,\N,9/5/11 6:46,USR,0,0,0,0,\N,\N,\N,\N
619,dananjayavr,\N,9/6/10 12:24,USR,0,0,2.213749,46.227638,fr,\N,\N,France
620,josip,#NAME?,5/25/08 9:20,USR,0,0,6.6322734,46.5196535,ch,Lausanne District,Lausanne,"Lausanne, Switzerland"
621,PaulAik,Equator,6/26/09 6:10,USR,0,0,-4.251806,55.864237,gb,Glasgow City,Glasgow,"Glasgow, Scotland"
622,11xp,\N,4/14/11 16:44,USR,0,0,0,0,\N,\N,\N,\N
623,molokoloco,\N,4/8/10 21:29,USR,0,0,2.3522219,48.856614,fr,Paris,Paris,"Paris, France"
624,justjohn,Google,10/15/09 1:25,USR,0,0,-71.0588801,42.3600825,us,Suffolk County,Boston,"Boston, MA"
625,canvic,\N,11/25/11 6:55,USR,0,0,0,0,\N,\N,\N,\N
626,m040601,somecompany1,4/29/08 22:48,USR,0,0,0,0,\N,\N,\N,somelocation2
627,satels,Контрольная Работа РУ,3/11/10 11:28,USR,0,0,60.6057025,56.8389261,ru,Gorod Yekaterinburg,Yekaterinburg,"Yekaterinburg, Russia"
628,LECMSPLX,\N,8/3/12 16:09,USR,1,0,\N,\N,\N,\N,\N,\N
629,dhruvg,\N,12/9/09 19:37,USR,0,0,0,0,\N,\N,\N,\N
630,ymirpl,SwingDev,5/19/08 18:27,USR,0,0,21.0122287,52.2296756,pl,Warszawa,Warsaw,"Warsaw, Poland"
631,BDuelz,\N,6/19/12 12:14,USR,0,0,0,0,\N,\N,\N,\N
632,brettgaylor,Mozilla,7/27/10 14:29,USR,0,0,0,0,\N,\N,\N,\N
633,Empact,\N,4/6/08 20:28,USR,0,0,-122.4194155,37.7749295,us,San Francisco County,San Francisco,"San Francisco, CA"
634,CheeseWiz,\N,8/23/12 10:37,USR,0,0,0,0,\N,\N,\N,\N
635,apipkin,\N,12/14/09 15:38,USR,0,0,0,0,\N,\N,\N,\N
636,objcguy,\N,12/5/09 4:44,USR,0,0,0,0,\N,\N,\N,\N
637,christophertam,\N,4/10/11 6:45,USR,0,0,0,0,\N,\N,\N,\N
638,nitinhayaran,23 Spaces,1/30/09 16:33,USR,0,0,72.8776559,19.0759837,in,Mumbai,Mumbai,"Mumbai, India"
639,puneetbharti,\N,2/16/10 4:40,USR,0,0,0,0,\N,\N,\N,\N
640,javiereguiluz,#NAME?,4/13/09 18:26,USR,0,0,0,0,\N,\N,\N,Vitoria-Gasteiz (Spain)
641,instinctious,\N,9/24/10 17:00,USR,0,1,\N,\N,\N,\N,\N,"Prague, Czech Republic"
642,ludwig,\N,2/27/08 10:10,USR,0,0,-118.1442719,34.14744949,us,CA,Pasadena,"Pasadena, CA"
643,finbarr,Shogun,2/26/10 15:25,USR,0,0,-122.34809,37.5778696,us,San Mateo County,Burlingame,"Burlingame, CA"
644,shakhan,\N,11/5/09 5:39,USR,0,0,0,0,\N,\N,\N,\N
645,yv,\N,2/26/11 20:05,USR,0,0,0,0,\N,\N,\N,\N
646,mdim,Itseez,4/19/12 15:35,USR,0,0,0,0,\N,\N,\N,\N
647,rplnt,\N,2/20/11 16:31,USR,0,0,16.65539932,49.20439911,cz,South Moravia,Brno,Brno
648,MayDaniel,\N,1/23/10 18:17,USR,0,0,0,0,\N,\N,\N,\N
649,johneo,\N,11/29/10 4:12,USR,0,0,0,0,\N,\N,\N,\N
650,docTag,\N,4/10/12 16:38,ORG,0,0,0,0,\N,\N,\N,\N
651,passy,#NAME?,5/10/08 22:30,USR,0,0,-0.1277583,51.5073509,gb,Greater London,London,"London, UK"
652,madcat,\N,5/8/09 4:29,USR,0,0,121.5161362,31.22414589,cn,\N,Shanghai,Shanghai
653,bogorman,\N,11/7/09 9:58,USR,0,0,0,0,\N,\N,\N,\N
654,nhoss2,\N,6/1/09 7:06,USR,0,0,153.0251235,-27.4697707,au,Queensland,Brisbane,"brisbane, australia"
655,kemaltaskin,Yakamoz Labs,5/30/09 18:41,USR,0,0,28.98777008,41.06072998,tr,Istanbul,Istanbul,Istanbul
656,AnushPrem,\N,6/17/11 8:13,USR,0,0,0,0,\N,\N,\N,Hyderabad
657,manikantag,#NAME?,6/29/10 7:55,USR,0,0,78.96288,20.593684,in,\N,\N,India
658,jhaus,\N,2/12/10 3:34,USR,0,0,0,0,\N,\N,\N,\N
659,silleknarf,\N,6/30/11 22:02,USR,0,0,-0.1277583,51.5073509,gb,Greater London,London,London
660,christopherwoodall,\N,8/13/10 16:03,USR,0,0,0,0,\N,\N,\N,Tennessee
661,jbwiv,\N,3/25/08 3:44,USR,0,0,0,0,\N,\N,\N,\N
662,croddin,\N,6/7/10 21:31,USR,0,0,-111.8910474,40.7607793,us,Salt Lake County,Salt Lake City,"Salt Lake City, UT"
663,avar,Booking.com,1/9/09 8:42,USR,0,0,4.9035614,52.3679843,nl,Government of Amsterdam,Amsterdam,"Amsterdam, The Netherlands"
664,narpaldhillon,\N,2/24/11 22:45,USR,0,0,0,0,\N,\N,\N,\N
665,ews,Craigslist,10/22/08 4:17,USR,0,0,-122.4196396,37.77711868,us,CA,San Francisco,"San Francisco, CA"
666,lmjabreu,\N,8/18/08 17:28,USR,0,0,0,0,\N,\N,\N,\N
668,jbpg,\N,3/16/11 21:26,USR,0,0,0,0,\N,\N,\N,\N
669,VIJQOWUB,\N,8/3/12 16:09,USR,1,0,\N,\N,\N,\N,\N,\N
670,srw,Nektra Advanced Computing & Data Big Bang,10/19/09 14:44,USR,0,0,0,0,\N,\N,\N,\N
671,JohnSpeno,#NAME?,1/17/09 14:27,USR,0,0,-74.4056612,40.0583238,us,New Jersey,\N,"South Jersey, USA"
672,llvm-mirror,\N,1/27/12 22:49,USR,0,0,0,0,\N,\N,\N,\N
673,luosheng,\N,1/16/09 5:17,USR,0,0,0,0,\N,\N,\N,\N
674,thimal,\N,8/31/09 23:26,USR,0,0,0,0,\N,\N,\N,\N
675,necenzurat,#NAME?,10/27/09 18:41,USR,0,0,26.1025384,44.4267674,ro,Bucharest,Bucharest,"Bucharest, Romania"
676,charleseff,\N,3/5/08 16:08,USR,0,0,-122.4194155,37.7749295,us,San Francisco County,San Francisco,"San Francisco, CA"
677,enile8,\N,7/9/11 2:13,USR,0,0,0,0,\N,\N,\N,\N
678,dlanger,\N,12/19/10 0:39,USR,0,0,-79.3831843,43.653226,ca,Toronto Division,Toronto,"Toronto, Canada"
679,paulchan,\N,5/28/09 3:02,USR,0,0,0,0,\N,\N,\N,\N
680,karies,\N,10/26/09 7:47,USR,0,0,0,0,\N,\N,\N,\N
681,robertkrimen,\N,7/7/08 15:37,USR,0,0,-122.4194155,37.7749295,us,San Francisco County,San Francisco,San Francisco
682,chrishamant,Milewide,12/9/08 23:39,USR,0,0,0,0,\N,\N,\N,\N
684,avidal,#NAME?,1/29/10 0:49,USR,0,0,-97.7430608,30.267153,us,Travis County,Austin,"Austin, TX"
685,ordinarydot,\N,9/28/09 8:58,USR,0,0,0,0,\N,\N,\N,Indonesia
686,insin,\N,3/20/10 8:16,USR,0,0,153.0251235,-27.4697707,au,Queensland,Brisbane,"Brisbane, Australia"
687,smarchive,\N,3/31/11 12:02,ORG,0,1,\N,\N,\N,\N,\N,"Munich, Germany"
688,coyg,\N,3/8/11 18:25,USR,0,0,0,0,\N,\N,\N,\N
689,2grep,\N,11/10/08 3:51,USR,0,0,0,0,\N,\N,\N,San Diego
690,peterto,\N,10/25/09 17:06,USR,0,0,0,0,\N,\N,\N,\N
691,HUTPEYVM,\N,8/3/12 16:09,USR,1,1,\N,\N,\N,\N,\N,\N
692,ELIQCLEQ,\N,8/3/12 16:09,USR,1,0,\N,\N,\N,\N,\N,\N
693,andrewedunn,Federated Sample,7/26/11 1:48,USR,0,0,0,0,\N,\N,\N,"New Orleans, LA"
694,BLOEWESR,\N,8/3/12 16:09,USR,1,1,\N,\N,\N,\N,\N,\N
695,jasisk,GasBuddy,3/12/09 21:12,USR,0,0,-71.0588801,42.3600825,us,Suffolk County,Boston,"Boston, MA"
696,shimon,Happie,10/9/09 11:35,USR,0,0,-71.0588801,42.3600825,us,Suffolk County,Boston,"Boston, MA"
697,mitizhi,\N,12/9/10 5:35,USR,0,0,0,0,\N,\N,\N,\N
698,rampr,HashCube,7/1/09 13:15,USR,0,0,77.5945627,12.9715987,in,Bangalore Urban,Bengaluru,Bangalore
699,nlewycky,\N,9/8/10 20:03,USR,0,0,0,0,\N,\N,\N,\N
700,scumola,\N,9/3/10 1:18,USR,0,0,-105.2792435,40.01573944,us,CO,Boulder,"Boulder, Co"
701,chandlerc,"Google, Inc",4/5/11 18:06,USR,0,0,-122.0838511,37.3860517,us,Santa Clara County,Mountain View,"Mountain View, CA"
702,cpaun,\N,8/2/12 18:23,USR,0,1,\N,\N,\N,\N,\N,"San Francisco, CA"
703,cpg,Amahi,5/10/08 22:39,USR,0,0,-122.1430195,37.4418834,us,Santa Clara County,Palo Alto,"Palo Alto, CA, USA"
704,schatten,TypesetIO,3/6/10 8:54,USR,0,0,77.5945627,12.9715987,in,Bangalore Urban,Bengaluru,"Bangalore, India"
705,joyent,\N,5/13/08 10:36,ORG,0,0,0,0,\N,\N,\N,"San Francisco, CA, USA"
706,ryanjadhav,Lyft,4/6/10 23:05,USR,0,0,-122.4194155,37.7749295,us,San Francisco County,San Francisco,"San Francisco, CA"
707,arsenm,\N,10/11/09 17:18,USR,0,0,-121.8863286,37.3382082,us,Santa Clara County,San Jose,"San Jose, CA"
708,dongsheng,Please see @dcai,4/13/08 8:46,USR,0,0,0,0,\N,\N,\N,Please see @dcai
709,plusjade,Growth @Instacart,2/20/09 3:02,USR,0,0,-122.4194155,37.7749295,us,San Francisco County,San Francisco,"San Francisco, CA USA"
711,uraimo,\N,1/13/10 12:54,USR,0,0,12.56738,41.87194,it,\N,\N,Italy
712,juneym,US Auto Parts Network Philippines Corp,2/6/11 5:18,USR,0,0,120.9842195,14.5995124,ph,Metro Manila,Manila,"Manila, Philippines"
713,minimoe,\N,3/30/09 10:03,USR,0,0,11.97456,57.70887,se,Västra Götaland County,Gothenburg,"Gothenburg, Sweden"
714,alanz,\N,9/21/10 7:41,USR,0,0,0,0,\N,\N,\N,Cape Town. GMT+2
715,rozuur,\N,3/5/10 16:38,USR,0,0,78.96288,20.593684,in,\N,\N,India
716,j4mie,DabApps (http://www.dabapps.com),4/12/08 17:37,USR,0,0,-0.137163,50.82253,gb,The City of Brighton and Hove,Brighton,"Brighton, UK"
717,bitemyapp,0xD43C5CD92AAF4EC1,7/1/10 13:07,USR,0,0,-97.7430608,30.267153,us,Travis County,Austin,"Austin, TX"
718,icebraining,\N,2/18/10 16:34,USR,0,1,\N,\N,\N,\N,\N,Portugal
719,evanowe,\N,11/29/10 0:48,USR,0,1,\N,\N,\N,\N,\N,\N
720,keketa,\N,4/13/11 23:01,USR,0,0,139.8089447,35.68320847,jp,Tokyo,Tokyo,Tokyo
721,rsarro,\N,1/15/11 11:58,USR,0,0,0,0,\N,\N,\N,\N
722,MNMROJRH,\N,8/3/12 16:09,USR,1,1,\N,\N,\N,\N,\N,\N
723,SikhNerd,\N,3/29/10 13:00,USR,0,0,-122.0575434,37.387474,us,California,\N,Silicon Valley
724,christosc,\N,8/29/09 22:01,USR,0,0,23.7275388,37.9838096,gr,Central Athens,Athens,"Athens, Greece"
725,matthiaswh,\N,11/11/10 4:33,USR,0,0,0,0,\N,\N,\N,\N
726,ckieran,\N,2/10/11 16:57,USR,0,0,0,0,\N,\N,\N,"Perth, Western Australia"
727,auxbuss,auxbuss,5/7/09 20:32,USR,0,0,-3.435973,55.378051,gb,\N,\N,uk
728,hyprwave,\N,9/12/10 22:26,USR,0,0,0,0,\N,\N,\N,\N
729,byuweb,\N,8/1/12 19:36,ORG,0,0,-111.6685028,40.2336998,us,UT,Provo,"Provo, Utah"
730,matthewdavis,Red Hat Inc.,6/7/10 1:36,USR,0,0,0,0,\N,\N,\N,"Raleigh, NC"
731,squires,Astrospark Technologies,1/1/10 18:55,USR,0,0,0,0,\N,\N,\N,\N
732,jmmastey,\N,6/10/10 14:25,USR,0,0,-87.6297982,41.8781136,us,Cook County,Chicago,Chicago IL
733,ericf,Yahoo,10/15/08 15:17,USR,0,0,-71.0588801,42.3600825,us,Suffolk County,Boston,"Boston, MA"
734,canozmen,Phonoclick,3/10/11 11:58,USR,0,0,28.98777008,41.06072998,tr,Istanbul,Istanbul,Istanbul
735,gosquared,\N,1/2/12 11:41,ORG,0,0,-0.12721001,51.50642014,gb,England,London,"London, United Kingdom"
736,papyromancer,http://lightcorp.net/,5/31/08 22:37,USR,0,1,\N,\N,\N,\N,\N,Mississippi
737,stopro,CISCO,6/17/11 0:25,USR,0,0,103.9754334,36.55308533,cn,\N,\N,China
738,arowser,\N,12/30/10 0:17,USR,0,0,0,0,\N,\N,\N,\N
740,mbijon,#NAME?,3/16/11 1:15,USR,0,0,-122.6587185,45.5122308,us,Multnomah County,Portland,"Portland, OR, US"
741,samof76,\N,6/23/09 8:08,USR,0,0,0,0,\N,\N,\N,\N
742,xlevus,\N,10/24/09 5:28,USR,0,0,-0.1277583,51.5073509,gb,Greater London,London,"London, UK"
743,jnephtali,\N,8/18/10 15:58,USR,0,0,0,0,\N,\N,\N,\N
744,glix,nerd,8/14/10 2:29,USR,0,0,-74.0059728,40.7127753,us,New York,New York,NYC
745,crh,\N,4/11/11 15:27,USR,0,0,0,0,\N,\N,\N,\N
746,andersonaguiar,\N,11/22/10 8:09,USR,0,0,151.2092955,-33.8688197,au,New South Wales,Sydney,"Sydney, Australia"
747,deminew,\N,3/1/09 20:22,USR,0,0,0,0,\N,\N,\N,\N
749,badarahmed,\N,1/29/11 19:18,USR,0,0,0,0,\N,\N,\N,Los Angeles
750,ikrima,Kite & Lightning,12/1/10 21:36,USR,0,0,-118.2453232,34.05348969,us,CA,Los Angeles,LA
751,hosiukeung,\N,3/23/09 4:59,USR,0,0,0,0,\N,\N,\N,Hong Kong
752,egoldblum,#NAME?,3/18/09 23:10,USR,0,0,-118.2436849,34.0522342,us,Los Angeles County,Los Angeles,Los Angeles
754,daveWid,\N,8/17/09 13:45,USR,0,0,-87.6297982,41.8781136,us,Cook County,Chicago,"Chicago, IL"
755,bigdude,\N,7/11/10 6:37,USR,0,0,85.89095306,20.4690094,in,Odisha,Cuttack,cn
756,SBHOQKXP,\N,8/3/12 16:09,USR,1,0,\N,\N,\N,\N,\N,\N
757,ShaggyDude,romack.net,7/16/10 15:05,USR,0,0,0,0,\N,\N,\N,\N
759,kennyma,\N,3/20/10 6:25,USR,0,0,-122.4194155,37.7749295,us,San Francisco County,San Francisco,"San Francisco, CA"
760,onthestairs,\N,7/14/11 18:00,USR,0,0,0,0,\N,\N,\N,\N
761,ahazelwood,CI Radar,7/21/10 15:19,USR,0,0,0,0,\N,\N,\N,\N
762,zeroone,\N,8/2/10 3:41,USR,0,0,0,0,\N,\N,\N,\N
763,martinsam,Temesis,11/15/08 22:19,USR,0,0,0,0,\N,\N,\N,Guéret (23)
764,ametaireau,Mozilla,3/25/09 14:32,USR,0,1,\N,\N,\N,\N,\N,"Paris, France"
765,ammmir,\N,3/8/10 6:39,USR,0,0,-122.4194155,37.7749295,us,San Francisco County,San Francisco,"San Francisco, CA"
766,timkrueger,#NAME?,2/8/11 11:23,USR,0,0,7.2009147,51.5368948,de,Recklinghausen,Herne,"Herne, Germany"
767,dtrebbien,\N,5/14/10 18:22,USR,0,1,0,0,\N,\N,\N,\N
768,kenliu,\N,1/17/09 1:32,USR,0,0,-74.417097,40.7598227,us,Morris County,Madison,"Madison, NJ"
769,AaronFoltz,\N,3/30/11 22:52,USR,0,0,-77.38555145,38.96968842,us,VA,Herndon,"Herndon, Va"
770,mornlee,Mornlee,1/20/09 0:35,USR,0,0,0,0,\N,\N,\N,\N
771,pdelanauze,\N,3/18/10 0:09,USR,0,0,0,0,\N,\N,\N,\N
772,floriandiud,Izberg Marketplace,1/13/11 19:55,USR,0,0,2.3522219,48.856614,fr,Paris,Paris,Paris
773,mmccaff,\N,9/9/11 18:51,USR,0,0,-74.0431435,40.7177545,us,Hudson County,Jersey City,"Jersey City, NJ"
774,JamesWPhillips,\N,4/14/11 23:40,USR,0,0,0,0,\N,\N,\N,\N
775,josephmisiti,Math & Pencil ,4/17/10 19:09,USR,0,0,-74.0059728,40.7127753,us,New York,New York,"NYC, NY"
776,ronnylt,Tangelo Games,9/14/08 13:07,USR,0,0,2.1734035,41.3850639,es,Barcelona,Barcelona,"Barcelona, Spain"
777,frewsxcv,#NAME?,9/26/10 15:09,USR,0,0,-74.0059728,40.7127753,us,New York,New York,New York City
778,torybriggs,Bleacher Report,5/31/09 1:43,USR,0,0,-116.2023137,43.6150186,us,Ada County,Boise,"Boise, Idaho"
779,lhagan,\N,2/1/10 11:57,USR,0,0,-122.3320708,47.6062095,us,King County,Seattle,Seattle
780,numerick,\N,3/31/11 4:49,USR,0,0,-75.68800354,45.3891983,ca,ON,Ottawa,"Ottawa, Ontario, Canada"
781,MattCottingham,\N,2/21/10 9:24,USR,0,1,\N,\N,\N,\N,\N,"London, UK"
782,fribblerz,free,4/29/11 19:42,USR,0,0,-78.50019836,38.03469849,\N,\N,\N,corner
783,thecolorblue,\N,6/9/08 18:39,USR,0,0,0,0,\N,\N,\N,"University Heights, Ohio"
784,elf-pavlik,#NAME?,6/26/11 6:24,USR,0,0,0,0,\N,\N,\N,"Tepoztlán, Mesoamerica"
785,dhan88,\N,2/9/11 3:09,USR,0,0,0,0,\N,\N,\N,\N
786,spaetzel,CastRoller,11/14/08 15:57,USR,0,0,-80.4925337,43.4516395,ca,Waterloo Regional Municipality,Kitchener,"Kitchener, Ontario"
787,XDGRNNTC,\N,8/3/12 16:09,USR,1,1,\N,\N,\N,\N,\N,\N
788,Pewpewarrows,[redacted],9/30/08 17:24,USR,0,0,-77.3570028,38.9586307,us,Hunter Mill,Reston,"Reston, VA"
789,cshenoy,UrbanStems,9/21/10 17:43,USR,0,0,-77.0368707,38.9071923,us,District of Columbia,Washington,"Washington, DC"
790,rsanchez1,\N,8/23/10 17:31,USR,0,0,-82.32318115,29.65195084,us,FL,Gainesville,"Gainesville, Florida"
791,nixterrimus,\N,7/26/08 2:44,USR,0,0,-122.4869194,37.6138253,us,San Mateo County,Pacifica,"Pacifica, CA"
792,yuvipanda,\N,10/22/08 15:57,USR,0,0,-122.272747,37.8715926,us,Alameda County,Berkeley,Berkeley
793,biserkov,\N,1/27/09 20:16,USR,0,0,23.3218675,42.6977082,bg,Sofia City Province,Sofia,"Sofia, Bulgaria"
794,edavis,#NAME?,2/17/11 1:54,USR,0,0,-115.1398296,36.1699412,us,Clark County,Las Vegas,"Las Vegas, NV"
795,gkawalec,\N,6/27/10 22:08,USR,0,0,0,0,\N,\N,\N,\N
796,kennethreitz,#NAME?,8/26/09 19:17,USR,0,0,0,0,\N,\N,\N,"Winchester, VA, USA"
797,samuvuo,\N,10/1/11 3:49,USR,0,0,25.98940277,64.28858185,fi,\N,\N,Finland
798,EnTeQuAk,Mozilla,10/13/09 4:11,USR,0,0,13.404954,52.5200066,de,Berlin,Berlin,"Berlin, Germany"
799,auxesis,#NAME?,6/2/08 11:59,USR,0,0,0,0,\N,\N,\N,"Blackheath, Australia"
800,bhrebec,Inklily Studios,3/2/11 17:03,USR,0,0,-93.29155731,37.20896912,us,MO,Springfield,"Springfield, MO"
801,tneems,\N,6/28/08 22:56,USR,0,0,-73.087749,41.6032207,us,Connecticut,\N,CT
802,blt,Software Developer,3/21/08 16:49,USR,0,0,-122.272747,37.8715926,us,Alameda County,Berkeley,"Berkeley, CA"
804,wpq0,Niteco,9/22/09 13:06,USR,0,0,105.8546372,21.02889061,vn,Hà Nội,Hanoi,Hanoi
805,eddyyanto,Digital Projection,8/22/10 12:54,USR,0,0,103.8205338,1.32199585,sg,\N,\N,Singapore
806,ramiscal,\N,8/30/09 13:50,USR,0,0,0,0,\N,\N,\N,\N
807,willvanwazer,The Washington Post,10/18/10 15:49,USR,0,0,-77.0368707,38.9071923,us,District of Columbia,Washington,"Washington, DC"
808,riivo,\N,3/24/09 17:40,USR,0,0,26.7290383,58.377983,ee,Tartu County,Tartu,"Tartu, Estonia"
809,suhair,ISPG,12/10/09 6:33,USR,0,0,79.45809174,23.40601158,in,\N,\N,India
811,seenxu,\N,9/1/08 10:57,USR,0,1,0,0,\N,\N,\N,"Stuttgart, Germany"
812,fouasnon,,9/1/09 15:37,USR,0,1,-122.6741949,45.5202471,us,Oregon,Portland,Portland Oregon
813,makeable,Makeable,6/15/09 19:39,USR,0,0,-3.74922,40.463667,es,\N,\N,Spain
814,oumu,\N,1/17/11 15:07,USR,0,0,0,0,\N,\N,\N,\N
815,mgsnova,\N,5/26/09 13:26,USR,0,0,9.9936819,53.5510846,de,Hamburg,Hamburg,"Hamburg, Germany"
816,kbhatt2006,\N,8/29/11 7:49,USR,0,1,\N,\N,\N,\N,\N,"Ahmedabad, Gujarat, INDIA"
817,ninnypants,@10up,9/20/10 17:54,USR,0,0,-111.6585337,40.2338438,us,Utah County,Provo,"Provo, UT"
818,hxseven,Freelance Developer,10/23/11 15:55,USR,0,0,6.7734556,51.2277411,de,Düsseldorf,Düsseldorf,"Düsseldorf, Germany"
819,mclamb,\N,8/20/09 3:57,USR,0,0,0,0,\N,\N,\N,\N
820,mshk,\N,10/17/08 22:16,USR,0,0,0,0,\N,\N,\N,"Tokyo, San Francisco"
821,analogue,"Yelp - Austin, TX",9/29/08 14:04,USR,0,0,-97.7430608,30.267153,us,Travis County,Austin,"Austin, TX"
822,carlomazza,\N,10/14/09 11:51,USR,0,0,0,0,\N,\N,\N,\N
823,lmorchard,Mozilla Corporation,8/23/08 12:24,USR,0,0,-83.0457538,42.331427,us,Wayne County,Detroit,"Detroit, MI, USA"
824,macfidelity,\N,3/26/09 20:29,USR,0,1,\N,\N,\N,\N,\N,\N
825,kkelley,\N,3/25/09 12:54,USR,0,0,-97.03990936,32.86582184,us,TX,DFW Airport,"DFW, TX"
826,yesimon,\N,2/5/11 10:53,USR,0,0,-71.1097335,42.3736158,us,Middlesex County,Cambridge,"Cambridge, MA"
827,namuit,weLaika,10/1/10 11:43,USR,0,0,7.686864,45.0703393,it,Turin,Turin,"Turin, Italy"
828,slaporte,\N,2/1/11 7:10,USR,0,0,-122.4194155,37.7749295,us,San Francisco County,San Francisco,San Francisco
830,sopyer,\N,6/21/09 16:16,USR,0,0,24.02540016,49.8443985,ua,Lviv,Lviv,"Lviv, Ukraine"
831,RussellSpitzer,#NAME?,9/23/10 12:34,USR,0,0,0,0,\N,\N,\N,\N
832,ccothrun,Luminous Pixel,8/25/11 0:55,USR,0,0,-119.8134384,39.5273819,us,NV,Reno,"Reno, NV"
833,mrcrabby,\N,7/4/11 6:36,USR,0,0,0,0,\N,\N,\N,\N
834,dholbrough,\N,12/23/10 18:46,USR,0,0,-95.91332245,62.83290863,ca,\N,\N,Canada
835,reyman,#NAME?,11/3/10 18:50,USR,0,0,2.213749,46.227638,fr,\N,\N,France
836,AnthonyDB,\N,5/11/10 22:17,USR,0,0,-95.712891,37.09024,us,\N,\N,United States
837,mcg,Modern Message,2/16/08 1:56,USR,0,0,-80.1756481,33.0185039,us,Dorchester County,Summerville,Summerville SC
838,itsnotvalid,\N,6/14/08 4:36,USR,0,0,114.109497,22.396428,hk,\N,Hong Kong,Hong Kong
839,tkremenek,Apple,12/30/15 19:23,USR,0,0,0,0,\N,\N,\N,\N
840,voidfiles,#NAME?,2/29/08 16:27,USR,0,0,-111.8910474,40.7607793,us,Salt Lake County,Salt Lake City,"SLC, UT"
841,lardissone,\N,3/3/09 18:34,USR,0,0,-95.3698028,29.7604267,us,Harris County,Houston,"Houston, Texas"
842,pfctdayelise,\N,8/11/10 2:06,USR,0,0,144.9630576,-37.8136276,au,Victoria,Melbourne,"Melbourne, Australia"
843,eolo999,\N,7/10/09 12:45,USR,0,0,12.4963655,41.9027835,it,Rome,Rome,"Rome, Italy"
844,tuxinaut,Smaato,4/11/11 11:27,USR,0,0,9.9936819,53.5510846,de,Hamburg,Hamburg,Hamburg
845,danbentley,Numiko,12/24/10 19:26,USR,0,0,-1.5490774,53.8007554,gb,West Yorkshire,Leeds,Leeds
846,kwbr,\N,12/18/09 17:55,USR,0,0,0,0,\N,\N,\N,\N
847,elijah,\N,12/29/08 15:31,USR,0,0,-86.5804473,35.5174913,us,Tennessee,\N,Tennessee
848,redpola,\N,8/23/10 11:40,USR,0,0,0,0,\N,\N,\N,\N
849,kisoku,\N,2/17/09 2:13,USR,0,0,135.8050002,34.6850869,jp,Nara Prefecture,Nara,"Nara, Japan"
850,lucaswiman,Counsyl,9/4/09 2:06,USR,0,0,-122.3871942,37.5985468,us,San Mateo County,Millbrae,"Millbrae, CA"
851,majutsushi,\N,11/3/10 8:32,USR,0,0,174.885971,-40.900557,nz,\N,\N,New Zealand
852,Kdecherf,\N,3/19/10 10:50,USR,0,0,2.213749,46.227638,fr,\N,\N,France
853,demula,\N,11/13/08 15:42,USR,0,0,-3.7037902,40.4167754,es,Madrid,Madrid,Madrid
854,netoarmando,Red Hat,3/6/10 22:13,USR,0,0,-46.6333094,-23.5505199,br,São Paulo,São Paulo,Sao Paulo - Brazil
855,acadopia,\N,6/9/08 0:43,USR,0,0,0,0,\N,\N,\N,\N
856,yawnt,\N,11/4/09 16:53,USR,0,0,0,0,\N,\N,\N,\N
857,joschi,\N,1/3/09 15:14,USR,0,0,10.451526,51.165691,de,\N,\N,Germany
858,willdurand,#NAME?,3/7/10 13:15,USR,0,0,10.451526,51.165691,de,\N,\N,Germany 
859,stof,#NAME?,10/14/10 11:56,USR,0,0,2.3522219,48.856614,fr,Paris,Paris,Paris
860,QJOADMGA,\N,8/3/12 16:09,USR,1,1,\N,\N,\N,\N,\N,\N
861,Ablu,Student at University of Paderborn,4/20/11 7:43,USR,0,0,0,0,\N,\N,\N,Germany; NRW
862,sylvestre,Mozilla,4/16/11 11:28,USR,0,0,2.3522219,48.856614,fr,Paris,Paris,Paris
863,rxgx,\N,9/29/09 22:51,USR,0,0,-112.0740373,33.4483771,us,Maricopa County,Phoenix,"Phoenix, AZ"
864,yomoyomo,\N,7/28/12 3:28,USR,0,0,0,0,\N,\N,\N,\N
866,garyrussell,Pivotal,11/16/10 12:16,USR,0,0,0,0,\N,\N,\N,USA North East
867,syoyo,"Light Transport Entertainment, Inc.",7/28/08 11:57,USR,0,0,139.6917064,35.6894875,jp,Tokyo,Tokyo,"Tokyo, Japan"
868,darkbuck,\N,9/16/09 3:56,USR,0,0,0,0,\N,\N,\N,\N
869,brson,\N,10/31/09 19:08,USR,0,0,-122.4194155,37.7749295,us,San Francisco County,San Francisco,San Francisco
870,demdxx,\N,5/25/10 6:56,USR,0,0,33.429859,35.126413,cy,\N,\N,Cyprus
871,bygreencn,\N,9/2/08 11:15,USR,0,0,104.195397,35.86166,cn,\N,\N,China
872,pcwalton,Mozilla Corporation,11/25/09 3:40,USR,0,0,-122.4194155,37.7749295,us,San Francisco County,San Francisco,"San Francisco, CA"
873,ttaubert,\N,6/9/10 11:58,USR,0,0,13.404954,52.5200066,de,Berlin,Berlin,"Berlin, Germany"
874,stefanbeller,\N,10/27/10 4:34,USR,0,0,0,0,\N,\N,\N,\N
875,bjorn,Ubisoft Blue Byte,12/21/10 9:41,USR,0,0,10.451526,51.165691,de,\N,\N,Germany
876,mana,\N,3/14/11 8:23,ORG,0,0,0,0,\N,\N,\N,\N
877,fnando,#NAME?,3/13/08 15:15,USR,0,0,-123.1207375,49.2827291,ca,Greater Vancouver,Vancouver,"Vancouver, Canada"
878,msriram,\N,6/26/12 17:15,USR,0,0,0,0,\N,\N,\N,\N
879,neverabc,\N,7/12/12 9:22,USR,0,0,0,0,\N,\N,\N,\N
882,blinkbox,\N,6/1/12 10:39,ORG,0,0,-0.12721001,51.50642014,gb,England,London,"London, UK"
883,AFQMOPUU,\N,8/3/12 16:09,USR,1,1,\N,\N,\N,\N,\N,\N
884,olegz,Pivotal,12/26/09 19:10,USR,0,0,-75.1652215,39.9525839,us,Philadelphia County,Philadelphia,"Philadelphia, PA "
885,jurkan,\N,7/17/11 18:13,USR,0,0,0,0,\N,\N,\N,\N
886,artembilan,http://spring.io,9/22/11 14:21,USR,0,0,-75.1652215,39.9525839,us,Philadelphia County,Philadelphia,"Philadelphia, PA"
887,Postremus,active logistics AG,11/27/11 10:21,USR,0,0,9.1624376,50.6520515,de,Hesse,\N,"Germany, Hessen"
888,elaird,\N,8/21/11 13:25,USR,0,0,0,0,\N,\N,\N,\N
889,timblinkbox,\N,6/1/12 7:02,USR,0,0,0,0,\N,\N,\N,\N
890,spring-buildmaster,\N,10/17/11 20:56,USR,0,0,0,0,\N,\N,\N,\N
891,janrain,\N,4/5/10 22:21,ORG,0,0,0,0,\N,\N,\N,\N
892,Bertram25,\N,5/3/11 13:22,USR,0,0,2.213749,46.227638,fr,\N,\N,France
893,vjl,\N,1/13/10 14:05,USR,0,0,0,0,\N,\N,\N,"Deep in the rainforest of western North Carolina, US"
894,FedericoCeratto,#NAME?,6/3/09 17:50,USR,0,0,-6.2603097,53.3498053,ie,County Dublin,Dublin,"Dublin, Ireland"
895,jpoehls,"InterWorks, Inc.",4/9/09 12:34,USR,0,0,0,0,\N,\N,\N,"Texas, Earth"
896,JakeWharton,"Google, Inc.",3/24/09 15:09,USR,0,0,-79.9958864,40.4406248,us,Allegheny County,Pittsburgh,"Pittsburgh, PA, USA"
897,jelmer,\N,1/24/09 19:16,USR,0,0,15.2551187,54.5259614,\N,\N,\N,Europe
899,gwho,\N,5/18/10 11:29,USR,0,0,0,0,\N,\N,\N,\N
900,Evh27,\N,2/11/12 20:48,USR,0,1,\N,\N,\N,\N,\N,\N
901,BenoitZugmeyer,#NAME?,3/9/09 22:36,USR,0,0,2.3522219,48.856614,fr,Paris,Paris,Paris
902,mt,Pebblepost,3/27/08 15:10,USR,0,0,-74.0059728,40.7127753,us,New York,New York,NYC
903,rzh,Netflix,11/24/09 21:08,USR,0,0,0,0,\N,\N,\N,"Los Gators, CA"
904,benauthor,#NAME?,11/15/10 18:23,USR,0,0,-73.9441579,40.6781784,us,Kings County,\N,"Brooklyn, NY"
905,galant,Sawhorse Media,9/29/10 14:48,USR,0,0,-73.83170319,40.7820015,us,NY,New York,NYC
906,mathandpencil,\N,10/18/11 12:55,ORG,0,0,0,0,\N,\N,\N,NYC + Buffalo + DC
907,bryanv,\N,8/9/09 18:30,USR,0,0,-98.95733643,39.44325638,us,\N,\N,United States
908,Zegnat,\N,11/21/10 11:38,USR,0,0,18.643501,60.128161,se,\N,\N,Sweden
909,Juanscv,#NAME?,8/2/11 20:54,USR,0,1,0,0,\N,\N,\N,"Barranquilla, COL"
910,cereda,\N,6/10/10 15:28,USR,0,0,0,0,\N,\N,\N,"Analândia, São Paulo, Brazil"
911,lilpine,\N,9/24/10 17:49,USR,0,0,0,0,\N,\N,\N,\N
912,rjmolesa,Consoltec,9/8/11 1:31,USR,0,0,-80.83795929,35.22285843,us,NC,Charlotte,"Charlotte, NC"
913,rcakirerk,fizy.com,9/16/09 4:57,USR,0,1,\N,\N,\N,\N,\N,Istanbul
914,gms8994,#NAME?,1/31/09 15:39,USR,0,0,0,0,\N,\N,\N,"Louisville, KY, USA"
915,mashiro,\N,9/7/08 11:59,USR,0,0,138.252924,36.204824,jp,\N,\N,Japan
916,azimout,\N,3/14/10 13:40,USR,0,0,4.37810993,50.84270096,be,Brussels Region,Brussels,"Brussels, Belgium"
917,anilpod,\N,11/29/11 22:46,USR,0,0,0,0,\N,\N,\N,\N
918,wangbin,\N,6/27/08 7:01,USR,0,0,0,0,\N,\N,\N,\N
919,ngoffee,\N,11/19/11 16:42,USR,0,0,0,0,\N,\N,\N,\N
920,lzuchri,\N,10/5/11 4:41,USR,0,1,0,0,\N,\N,\N,\N
921,kmnb,\N,10/30/08 17:29,USR,0,0,0,0,\N,\N,\N,\N
922,renderkid,\N,4/12/08 6:17,USR,0,0,73.85308838,18.50419044,in,Maharashtra,Pune,"Pune, India"
923,teopeurt,qiidi,2/8/10 13:38,USR,0,0,-95.8936598,36.7318679,us,Washington County,Bartlesville,Global
924,ybrs,\N,9/16/10 20:37,USR,0,0,5.1668974,52.2291696,nl,Hilversum,Hilversum,"Hilversum, Netherlands"
925,j10,\N,4/22/10 15:52,USR,0,0,0,0,\N,\N,\N,\N
926,waleedka,\N,7/19/09 3:27,USR,0,0,-122.0838511,37.3860517,us,Santa Clara County,Mountain View,"Mountain View, CA"
927,brunojm,\N,4/5/08 0:31,USR,0,0,-51.92528,-14.235004,br,\N,\N,Brazil
928,samuelt,\N,2/28/08 21:16,USR,0,0,16.79805946,62.67497253,se,\N,\N,Sweden
929,vagner4work,\N,6/2/10 20:33,USR,0,0,-51.93685913,-23.42572975,br,PR,Maringá,"Maringá, Brasil"
930,goranstef,Kogan,5/5/11 1:53,USR,0,1,\N,\N,\N,\N,\N,"Melbourne, Australia"
931,adamnemecek,ngrid,1/14/10 17:56,USR,0,0,0,0,\N,\N,\N,"Los Angeles, Prague"
932,jjehannet,\N,10/12/10 7:26,USR,0,0,-1.6777926,48.117266,fr,Ille-et-Vilaine,Rennes,Rennes
933,datakungfu,\N,7/4/11 16:44,USR,0,0,0,0,\N,\N,\N,\N
934,omerhasan,\N,3/21/11 20:32,USR,0,0,0,0,\N,\N,\N,\N
935,eapen,eBay,3/30/09 12:48,USR,0,0,-121.8863286,37.3382082,us,Santa Clara County,San Jose,"San Jose, CA"
936,phugee,Cydcor,6/30/08 16:31,USR,0,0,-118.2453232,34.05348969,us,CA,Los Angeles,"Los Angeles, CA, USA"
937,yyeshua,"Universidad Pedagógica Nacional \Francisco Morazán\""""",1/23/11 18:23,USR,0,1,\N,\N,\N,\N,\N,"Tegucigalpa, FM, Honduras"
938,galleto,gPdSol & galleto's Company,6/6/11 14:50,USR,0,0,-99.6534729,19.29272079,mx,MEX,Toluca,"Toluca, Edo. de México"
939,jensk,\N,10/27/08 14:55,USR,0,0,10.451526,51.165691,de,\N,\N,Germany
940,ptrf,\N,3/31/10 18:13,USR,0,0,12.5683372,55.6760968,dk,\N,Copenhagen,"Copenhagen, Denmark"
941,andrewharmellaw,ThoughtWorks,3/19/12 15:29,USR,0,0,-0.1277583,51.5073509,gb,Greater London,London,"London, UK"
942,MercerTraieste,\N,6/14/09 20:17,USR,0,1,\N,\N,\N,\N,\N,"Bucharest, Romania"
943,gkappel,\N,11/28/11 21:38,USR,0,0,0,0,\N,\N,\N,\N
944,acmisiti,Math and Pencil,4/29/10 2:37,USR,0,0,0,0,\N,\N,\N,"Buffalo,NY"
945,lcottereau,\N,7/22/10 18:40,USR,0,0,0,0,\N,\N,\N,\N
946,HowardMei,\N,12/11/11 2:02,USR,0,0,103.819836,1.352083,sg,\N,\N,Singapore
947,leon,0,6/10/08 10:47,USR,0,0,15.2134105,59.2752626,se,Örebro County,Örebro,"Örebro, Sweden"
948,worry,\N,9/28/11 3:48,USR,0,0,-122.4196396,37.77711868,us,CA,San Francisco,SF
949,zannr1,\N,1/10/12 1:01,USR,0,0,0,0,\N,\N,\N,\N
950,brcooley,#NAME?,4/6/11 15:22,USR,0,0,-95.6240817,37.0317493,us,Montgomery County,Coffeyville,CO
951,semente,\N,10/19/08 22:36,USR,0,0,0,0,\N,\N,\N,\N
952,ledil,mobileapart,3/18/09 8:16,USR,0,0,0,0,\N,\N,\N,\N
953,maheshbabu,\N,1/13/10 11:52,USR,0,0,77.58728027,12.96697044,in,Karnataka,Bengaluru,Bangalore
954,ianshuma,\N,12/7/11 9:29,USR,0,0,0,0,\N,\N,\N,\N
955,Alvarord,\N,8/29/10 15:51,USR,0,0,0,0,\N,\N,\N,\N
956,gabrielmarcondes,\N,4/11/08 13:11,USR,0,0,-46.6333094,-23.5505199,br,São Paulo,São Paulo,"São Paulo, SP"
957,testuser1,\N,4/1/11 19:48,USR,0,0,0,0,\N,\N,\N,\N
958,raganesh,\N,12/14/09 4:48,USR,0,0,0,0,\N,\N,\N,\N
959,lamnatos,\N,1/8/10 9:15,USR,0,0,23.76950073,37.99280167,gr,Attica,Athens,"Athens, Greece"
960,jag,\N,12/4/09 22:25,USR,0,0,4.86653996,52.33069992,nl,North Holland,Amsterdam,Amsterdam
961,jbpros,Cucumber Ltd,2/6/09 13:33,USR,0,0,0,0,\N,\N,\N,"Wavre, BE"
962,bcantrill,Joyent,7/11/10 2:21,USR,0,0,0,0,\N,\N,\N,\N
963,bnoordhuis,IBM,5/13/10 18:10,USR,0,0,5.291266,52.132633,nl,\N,\N,The Netherlands
964,bigeasy,\N,11/15/08 18:42,USR,0,0,-90.0715323,29.9510658,us,Orleans Parish,New Orleans,"New Orleans, LA"
965,pfriedman,Renew Financial,11/15/08 12:42,USR,0,0,-122.6587185,45.5122308,us,Multnomah County,Portland,"Portland, OR"
966,chobie,\N,2/3/10 1:48,USR,0,0,139.6917064,35.6894875,jp,Tokyo,Tokyo,Tokyo/Japan
967,zackzachariah,Foursquare,2/28/11 16:48,USR,0,0,-73.83170319,40.7820015,us,NY,New York,"New York, NY"
968,betchart,\N,9/8/11 20:13,USR,0,0,0,0,\N,\N,\N,\N
969,mapchat,\N,8/5/12 8:27,ORG,0,0,0,0,\N,\N,\N,\N
970,chrismilleruk,\N,2/25/11 0:55,USR,0,0,0,0,\N,\N,\N,\N
971,oftc,\N,12/15/10 21:29,ORG,0,0,0,0,\N,\N,\N,\N
972,Nataliya,NUBIC,5/17/11 17:12,USR,0,0,0,0,\N,\N,\N,\N
973,greenone1975,Computer Science Student,5/21/11 0:40,USR,0,1,\N,\N,\N,\N,\N,Northwest Illinois
974,piscisaureus,\N,3/8/10 9:24,USR,0,0,4.9035614,52.3679843,nl,Government of Amsterdam,Amsterdam,Amsterdam
975,yipdw,#NAME?,3/26/08 1:57,USR,0,0,0,0,\N,\N,\N,\N
976,tobig,\N,12/13/10 23:27,USR,0,0,2.3522219,48.856614,fr,Paris,Paris,Paris
977,rafaelpaz,\N,10/28/11 16:47,USR,0,0,0,0,\N,\N,\N,\N
978,d0k,\N,7/9/08 14:35,USR,0,0,10.451526,51.165691,de,\N,\N,Germany
979,IgorMinar,\N,3/5/10 2:31,USR,0,0,-122.2913078,37.8271784,us,California,\N,"SF Bay Area, CA"
980,gribozavr,\N,10/11/11 18:24,USR,0,0,0,0,\N,\N,\N,\N
981,shepheb,Google Canada,11/24/09 22:02,USR,0,0,-80.4925337,43.4516395,ca,Waterloo Regional Municipality,Kitchener,"Kitchener, ON, Canada"
982,racker,\N,1/11/11 5:40,ORG,0,0,0,0,\N,\N,\N,\N
983,AnnaZaks,\N,10/27/15 20:15,USR,0,0,0,0,\N,\N,\N,\N
984,zendigital,zen.digital,5/21/13 14:46,USR,0,0,-74.0059728,40.7127753,us,New York,New York,New York
985,Incuna-Who,\N,7/15/14 4:49,USR,0,0,0,0,\N,\N,\N,\N
986,vojtajina,\N,1/14/09 21:58,USR,0,0,-122.2913078,37.8271784,us,California,\N,San Francisco Bay Area
987,TAXGJJBW,\N,8/3/12 16:09,USR,1,0,\N,\N,\N,\N,\N,\N
988,mhevery,Google,8/4/09 19:42,USR,0,0,0,0,\N,\N,\N,\N
989,cburgdorf,thoughtram GmbH,12/13/10 12:14,USR,0,0,0,0,\N,\N,\N,Hannover / Germany
990,marcenuc,nuccio sas,4/5/08 11:25,USR,0,0,12.56738,41.87194,it,\N,\N,Italia
991,roman-neuhauser,\N,5/8/10 10:31,USR,0,0,14.4378005,50.0755381,cz,Hlavní město Praha,Prague,Europe/Prague
992,saghul,#NAME?,6/29/10 11:49,USR,0,0,4.9035614,52.3679843,nl,Government of Amsterdam,Amsterdam,Amsterdam
993,redaemn,\N,4/7/11 20:52,USR,0,0,13.7768182,45.6495264,it,Trieste,Trieste,"Trieste, Italy"
994,jdzak,TableXI,4/21/08 0:24,USR,0,0,-87.6297982,41.8781136,us,Cook County,Chicago,"Chicago, IL"
995,isaacs,"npm, Inc.",5/4/08 17:43,USR,0,0,-122.2711137,37.8043637,us,Alameda County,Oakland,Oakland CA
996,WHUQCBWG,\N,8/3/12 16:09,USR,1,0,\N,\N,\N,\N,\N,\N
997,ifedotov,\N,2/26/11 0:11,USR,0,0,0,0,\N,\N,\N,\N
998,thiagoghisi,\N,5/7/10 2:47,USR,0,0,-74.0059728,40.7127753,us,New York,New York,"New York, NY"
999,pquerna,\N,7/30/09 3:44,USR,0,0,-122.4194155,37.7749295,us,San Francisco County,San Francisco,"San Francisco, CA"
1000,scallanan,\N,10/24/15 2:14,USR,0,0,0,0,\N,\N,\N,\N
1001,philips,Red Hat via CoreOS,11/9/08 21:23,USR,0,0,-122.4194155,37.7749295,us,San Francisco County,San Francisco,"San Francisco, CA"
1002,gyohng,\N,6/8/12 15:59,USR,0,0,0,0,\N,\N,\N,\N
1003,mmalecki,#NAME?,3/26/11 19:04,USR,0,0,16.9251681,52.406374,pl,Poznań County,Poznań,"Poznań, Poland"
1004,sethladd,Google,4/6/08 21:43,USR,0,0,-122.0838511,37.3860517,us,Santa Clara County,Mountain View,"Mountain View, CA"
1005,mcavage,\N,8/15/10 18:42,USR,0,0,-122.272747,37.8715926,us,Alameda County,Berkeley,"Berkeley, CA"
1006,maxpeterson,\N,11/9/10 8:39,USR,0,0,-97.1689296,37.2741908,us,Oxford,Oxford,Oxford
1007,rsutphin,"Human Practice, Inc.",3/7/08 14:24,USR,0,0,-87.6297982,41.8781136,us,Cook County,Chicago,"Chicago, Illinois"
1008,rphillips,Red Hat,3/2/08 18:00,USR,0,0,-97.7430608,30.267153,us,Travis County,Austin,"Austin, TX"
1009,IWSXSDLT,\N,8/3/12 16:09,USR,1,0,\N,\N,\N,\N,\N,\N
1011,KUGLUIBU,\N,8/3/12 16:09,USR,1,0,\N,\N,\N,\N,\N,\N
1012,jpatel,Northwestern University,7/10/09 15:05,USR,0,0,-87.6297982,41.8781136,us,Cook County,Chicago,Chicago
1013,ZorGleH,\N,6/10/10 10:02,USR,0,0,0,0,\N,\N,\N,\N
1014,egranata,#NAME?,10/24/15 8:55,USR,0,0,-121.9552356,37.3541079,us,Santa Clara County,Santa Clara,"Santa Clara, CA"
1015,jturnbull,\N,10/23/08 11:42,USR,0,0,-1.2577263,51.7520209,gb,Oxfordshire,Oxford,"Oxford, UK"
1017,v-martorelli,\N,5/23/12 18:26,USR,0,0,-87.63244629,41.88425064,us,IL,Chicago,Chicago
1018,YYURWVPT,\N,8/3/12 16:09,USR,1,1,\N,\N,\N,\N,\N,\N
1019,madrobby,Slash7 LLC,3/18/08 21:11,USR,0,0,-75.1652215,39.9525839,us,Philadelphia County,Philadelphia,"Philadelphia, PA"
1020,jackpinto,\N,3/25/11 21:49,USR,0,0,-49.27656937,-25.43997002,br,PR,Curitiba,Curitiba-PR
1021,zmodem,\N,10/24/11 15:11,USR,0,0,0,0,\N,\N,\N,\N
1022,XOPYUEPS,\N,8/3/12 16:09,USR,1,1,\N,\N,\N,\N,\N,\N
1023,ochameau,\N,2/8/10 22:26,USR,0,0,0,0,\N,\N,\N,\N
1024,brandonwamboldt,Master Merchant Systems,2/21/11 1:17,USR,0,0,0,0,\N,\N,\N,"Halifax, Nova Scotia (Canada)"
1025,PDNPTWUJ,\N,8/3/12 16:10,USR,1,0,\N,\N,\N,\N,\N,\N
1026,dmerrick,\N,1/27/09 16:30,USR,0,0,0,0,\N,\N,\N,"Formerly San Francisco, CA"
1027,petesaia,Lev Interactive,11/24/09 8:30,USR,0,1,0,0,\N,\N,\N,Brasil x United States
1028,conardcarroll,\N,10/12/11 0:24,USR,0,0,0,0,\N,\N,\N,\N
1029,crhym3,\N,9/19/08 15:37,USR,0,0,0,0,\N,\N,\N,\N
1030,MichaelMartinez,\N,10/24/10 22:01,USR,0,0,-111.0937311,34.0489281,us,Arizona,\N,Arizona
1031,sureshg,\N,8/7/10 8:48,USR,0,0,-121.9552356,37.3541079,us,Santa Clara County,Santa Clara,"Santa Clara, CA"
1032,hzx,oldschooldev,6/23/11 0:17,USR,0,0,30.3350986,59.9342802,ru,Saint Petersburg,Saint Petersburg,Saint Petersburg
1033,ckatzorke,Allianz Technology SE,2/21/11 5:49,USR,0,0,11.5819805,48.1351253,de,Upper Bavaria,Munich,"Munich, Germany"
1034,slander36,Phinlander LLC,7/20/11 14:16,USR,0,0,-92.3340724,38.9517053,us,Boone County,Columbia,"Columbia, MO"
1035,useware,\N,3/1/11 15:40,USR,0,0,0,0,\N,\N,\N,\N
1036,vicktor,"SocialDiabetes, SL",8/31/10 12:40,USR,0,0,-95.9236871,36.0880339,us,Tulsa County,Tulsa,Barcelona
1037,eserpoyraz,Yeni Hayat,1/24/11 9:59,USR,0,1,\N,\N,\N,\N,\N,\N
1038,andre0008,\N,10/4/09 19:11,USR,0,1,\N,\N,\N,\N,\N,Germany
1039,nimbupani,\N,4/16/09 16:38,USR,0,0,-122.4194155,37.7749295,us,San Francisco County,San Francisco,San Francisco
1040,thinkadoo,Freelance,10/13/09 6:57,USR,0,0,19.24010086,-34.42123032,za,Western Cape,Hermanus,Hermanus
1041,metakeule,\N,1/12/10 8:10,USR,0,0,6.9602786,50.937531,de,Cologne,Cologne,Cologne / Germany
1042,derdesign,\N,2/14/11 3:10,ORG,0,0,0,0,\N,\N,\N,\N
1043,carloseberhardt,#NAME?,4/16/10 2:03,USR,0,0,-94.6858998,46.729553,us,Minnesota,\N,Minnesota
1044,Shoom,SinnerSchrader,3/7/11 21:22,USR,0,0,9.99246979,53.55334091,de,HH,Hamburg,"Hamburg, Germany"
1045,angiez00,\N,7/28/12 23:37,USR,0,0,0,0,\N,\N,\N,\N
1046,ckniffen,FireMon,11/2/10 20:51,USR,0,0,-94.5785667,39.0997265,us,Jackson County,Kansas City,Kansas City
1047,openSUSE,\N,2/17/11 18:01,ORG,0,0,50.69200134,55.36135864,ru,Tatarstan,Internat,The Internet
1048,rcrooks,"Brightcove, Inc",2/15/11 16:51,USR,0,0,-71.0588801,42.3600825,us,Suffolk County,Boston,"Boston, MA"
1049,simonbetton,\N,2/23/11 1:57,USR,0,0,174.7633315,-36.8484597,nz,Auckland,Auckland,"Auckland, New Zealand"
1050,mdarens,#NAME?,12/4/11 8:33,USR,0,0,-90.0715323,29.9510658,us,Orleans Parish,New Orleans,New Orleans
1051,BKADTIWT,\N,8/3/12 16:10,USR,1,0,\N,\N,\N,\N,\N,\N
1052,fermion,\N,3/11/08 14:27,USR,0,0,0,0,\N,\N,\N,\N
1053,herkulano,\N,9/10/09 8:48,USR,0,0,-87.771964,41.909611,us,Cook County,Chicago,Planet Earth
1054,GithubBuildBot,\N,7/6/11 19:09,USR,0,1,\N,\N,\N,\N,\N,\N
1055,QKHNTTOL,\N,8/3/12 16:10,USR,1,0,\N,\N,\N,\N,\N,\N
1056,JennFoo21,\N,8/19/11 13:55,USR,0,0,0,0,\N,\N,\N,\N
1057,Jigarsolanki,\N,5/9/11 16:50,USR,0,0,0,0,\N,\N,\N,\N
1058,Kami,#NAME?,9/9/09 20:13,USR,0,0,14.5057515,46.0569465,si,Ljubljana,Ljubljana,"Ljubljana, Slovenia"
1059,asiermarques,\N,11/5/09 19:52,USR,0,0,-2.9349852,43.2630126,es,Biscay,Bilbao,"Bilbao, Spain"
1060,MACSkeptic,could be yours ;),2/12/09 10:19,USR,0,0,0,0,\N,\N,\N,berlin - in your ♥
1061,MathildeMBarr,\N,7/5/11 15:58,USR,0,0,0,0,\N,\N,\N,\N
1062,MattNewberry,OpenTable,7/23/09 13:12,USR,0,0,-85.3096801,35.0456297,us,Hamilton County,Chattanooga,"Chattanooga, TN"
1063,ryanb,RailsCasts,2/7/08 21:42,USR,0,0,-122.4332992,42.7976791,us,Oregon,\N,Southern Oregon
1064,RackerJohnMadrid,Rackspace,6/17/10 10:24,USR,0,0,0,0,\N,\N,\N,\N
1065,RoboticCheese,Socrata,8/3/11 11:52,USR,0,0,-122.3320708,47.6062095,us,King County,Seattle,"Seattle, WA"
1066,TracyLoring,\N,8/2/11 13:40,USR,0,0,0,0,\N,\N,\N,\N
1067,kittc,\N,4/16/11 1:39,USR,0,0,0,0,\N,\N,\N,\N
1068,adampickeral,Rackspace,11/21/11 17:09,USR,0,0,-80.4139393,37.2295733,us,Montgomery County,Blacksburg,"Blacksburg, VA"
1069,adrianotto,\N,1/28/12 21:19,USR,0,0,0,0,\N,\N,\N,\N
1070,ajcoppa,Rackspace,11/15/10 2:03,USR,0,0,0,0,\N,\N,\N,\N
1071,amitgandhinz,\N,1/30/12 14:44,USR,0,0,-95.712891,37.09024,us,\N,\N,USA
1072,amrutac,Salesforce,12/14/10 20:58,USR,0,0,0,0,\N,\N,\N,Redwood Shores